类型,前件,后件,支持度,置信度,提升度,杠杆率,确信度
情景→结果,水深=深,结果=获救,0.09565579747890406,1.0,6.199302505812451,0.08022570717612929,inf
情景→结果,水深=深 且 行动=正常,结果=获救,0.07746640275028649,1.0,6.199302505812451,0.06497041587472199,inf
情景→结果,水深=深 且 行动=正常 且 速率=快,结果=获救,0.06296489217626836,1.0,6.199302505812451,0.052808121778754664,inf
情景→结果,峰值=高 且 水深=深,结果=获救,0.06854880716741327,1.0,6.199302505812451,0.05749130398812139,inf
情景→结果,峰值=高 且 水深=深 且 行动=正常,结果=获救,0.05592249192624232,1.0,6.199302505812451,0.04690172033559813,inf
情景→结果,峰值=高 且 水深=深 且 速率=快,结果=获救,0.05800604229607251,1.0,6.199302505812451,0.04864917638386929,inf
情景→结果,水深=深 且 熟悉=低,结果=获救,0.06350661527242421,1.0,6.199302505812451,0.05326246035130517,inf
情景→结果,水深=深 且 熟悉=低 且 行动=正常,结果=获救,0.051463694134805706,1.0,6.199302505812451,0.04316216439229782,inf
情景→结果,峰值=高 且 水深=深 且 熟悉=低,结果=获救,0.046484008750911555,1.0,6.199302505812451,0.03898574443692974,inf
情景→结果,水深=深 且 熟悉=低 且 速率=快,结果=获救,0.049984373372226276,1.0,6.199302505812451,0.0419214705980253,inf
情景→结果,播报=晚 且 水深=深,结果=获救,0.05294301489738514,1.0,6.199302505812451,0.04440285818657035,inf
情景→结果,播报=晚 且 水深=深 且 行动=正常,结果=获救,0.04323367017397645,1.0,6.199302505812451,0.03625971300162671,inf
情景→结果,播报=晚 且 水深=深 且 熟悉=低,结果=获救,0.03802479424940098,1.0,6.199302505812451,0.0318910728809488,inf
情景→结果,峰值=高 且 播报=晚 且 水深=深,结果=获救,0.036003750390665695,1.0,6.199302505812451,0.030196040514125767,inf
情景→结果,播报=晚 且 水深=深 且 速率=快,结果=获救,0.041462652359620794,1.0,6.199302505812451,0.03477437536059622,inf
情景→结果,播报=无 且 水深=深,结果=获救,0.038274820293780605,1.0,6.199302505812451,0.03210076760674134,inf
情景→结果,峰值=高 且 播报=无 且 水深=深,结果=获救,0.03254505677674758,1.0,6.199302505812451,0.02729526347399563,inf
情景→结果,播报=无 且 水深=深 且 行动=正常,结果=获救,0.030753203458693614,1.0,6.199302505812451,0.025792451272482426,inf
情景→结果,播报=无 且 水深=深 且 速率=快,结果=获救,0.032399208250859464,1.0,6.199302505812451,0.02717294155061665,inf
情景→结果,水深=深 且 熟悉=高,结果=获救,0.03214918220647984,1.0,6.199302505812451,0.026963246824824105,inf
情景→结果,水深=深 且 速率=快,结果=获救,0.0776122512761746,1.0,6.199302505812451,0.06509273779810097,inf
情景→结果,水深=深 且 进水=隧道,结果=获救,0.04348369621835608,1.0,6.199302505812451,0.03646940772741926,inf
情景→结果,水深=深 且 进水=隧道 且 速率=快,结果=获救,0.039295759974997395,1.0,6.199302505812451,0.03295702107039421,inf
情景→结果,水深=深 且 行动=正常 且 进水=隧道,结果=获救,0.03539952078341494,1.0,6.199302505812451,0.029689278260127128,inf
情景→结果,播报=晚 且 水深=深 且 进水=隧道,结果=获救,0.030982393999374934,1.0,6.199302505812451,0.025984671437792255,inf
情景→结果,峰值=高 且 播报=无 且 速率=快,结果=获救,0.03308677987290343,0.635454181672669,3.9393727007723776,0.024687782777143424,2.3006477874742024
情景→结果,峰值=高 且 进水=隧道 且 速率=快,结果=获救,0.031190749036357955,0.5988,3.712142340480496,0.022788390997382363,2.090457453558691
情景→结果,峰值=高 且 熟悉=低 且 速率=快,结果=获救,0.03877487238253985,0.513662710460944,3.184350528102946,0.026598175112456424,1.7245059106256224
情景→结果,峰值=高 且 行动=正常 且 速率=快,结果=获救,0.051463694134805706,0.5093833780160858,3.1578216517543316,0.035166480482408655,1.7094641575255165
情景→结果,峰值=高 且 速率=快,结果=获救,0.06306906969475987,0.5046682227409136,3.128590977841662,0.04291013228764963,1.693191450402472
情景→结果,播报=无 且 速率=快,结果=获救,0.05502656526721533,0.4802691398436079,2.977333682096869,0.03654473852468462,1.6137035428594255
情景→结果,播报=无 且 行动=正常 且 速率=快,结果=获救,0.04412959683300344,0.47940244454504305,2.9719607757607,0.029280949706525776,1.6110170352890023
情景→结果,播报=无 且 熟悉=低 且 速率=快,结果=获救,0.03187832065840192,0.4730983302411874,2.9328796641598798,0.021009030299183096,1.5917420241838574
情景→结果,峰值=中 且 行动=正常 且 速率=快,结果=获救,0.03408688405042192,0.45660061401060564,2.8306053305914514,0.022044624508962107,1.5434164115601623
情景→结果,峰值=中 且 速率=快,结果=获救,0.04275445358891551,0.45610135585685707,2.8275102782678707,0.02763357006197504,1.5419996710766213
情景→结果,峰值=高 且 播报=无,结果=获救,0.04537972705490155,0.39599999999999996,2.4549237923017304,0.026894539369155254,1.3885621363704412
情景→结果,峰值=高 且 播报=无 且 行动=正常,结果=获救,0.036462131472028335,0.39370078740157477,2.4406702778789175,0.021522738878729734,1.3832964202169327
情景→结果,播报=晚 且 行动=正常 且 速率=快,结果=获救,0.03914991144910928,0.3891074756678401,2.4121949489379984,0.022919916661024033,1.3728953898799487
情景→结果,播报=晚 且 速率=快,结果=获救,0.04773413897280967,0.3820243455060864,2.368284482377243,0.027578562508915022,1.3571595001660488
情景→结果,进水=风亭 且 速率=快,结果=获救,0.03796228773830607,0.3644,2.259025833118057,0.021157571660354892,1.319527266154416
情景→结果,行动=正常 且 进水=风亭 且 速率=快,结果=获救,0.030732367954995312,0.3638381845091268,2.2555429689376827,0.017107104158992498,1.3183619480848565
情景→结果,熟悉=低 且 行动=正常 且 速率=快,结果=获救,0.05273465986040213,0.3403711672942442,2.1100638303135173,0.027742686109273135,1.2714597797787084
情景→结果,熟悉=低 且 速率=快,结果=获救,0.06529846859047818,0.33855460732418713,2.0988024255391835,0.034186217243759365,1.2679679073353312
情景→结果,行动=正常 且 进水=隧道 且 速率=快,结果=获救,0.03592040837587249,0.3298259039602066,2.044690552902366,0.018352758187982324,1.2514532198778794
情景→结果,行动=正常 且 速率=快,结果=获救,0.08788415459943744,0.32837680031140515,2.035707121021169,0.04471283899518085,1.2487530668336275
情景→结果,速率=快,结果=获救,0.10861548077924783,0.3258736013002438,2.020189033118729,0.054850472159450825,1.2441161360620219
情景→结果,进水=隧道 且 速率=快,结果=获救,0.04402541931451193,0.32512694260655484,2.0155602700079562,0.022182649356390985,1.2427396844186014
情景→结果,峰值=高 且 播报=晚 且 行动=正常,结果=获救,0.03177414313991041,0.3134635149023638,1.9432551534150024,0.015423154396063909,1.2216270345027207
情景→结果,熟悉=高 且 行动=正常 且 速率=快,结果=获救,0.035149494739035315,0.31188759474949157,1.9334855476623414,0.01697015288590773,1.2188292551744067
情景→结果,峰值=高 且 播报=晚,结果=获救,0.03856651734555683,0.30865432716358177,1.9134415438150485,0.01841094088166218,1.2131290659950258
情景→结果,熟悉=高 且 速率=快,结果=获救,0.04331701218876966,0.30845697329376853,1.9122180874753836,0.020664254915691474,1.2127828609050875
情景→结果,峰值=高 且 进水=隧道,结果=获救,0.031190749036357955,0.2994598919783957,1.8564424587319943,0.014389393901622364,1.1972070132234054
情景→结果,播报=无 且 进水=风亭,结果=获救,0.041566829878112305,0.28504072010287185,1.7670536503923189,0.018043588312196244,1.1730619546450558
情景→结果,播报=无 且 行动=正常 且 进水=风亭,结果=获救,0.03377435149494739,0.2844857844857845,1.7636134366307448,0.014623697052514227,1.1721521560057444
情景→结果,播报=无 且 熟悉=低,结果=获救,0.05273465986040213,0.28266696448514633,1.7523380212431667,0.022640774308007157,1.1691801281196954
情景→结果,峰值=高 且 熟悉=低 且 行动=正常,结果=获救,0.045608917595582874,0.2801023672424824,1.7364393071303206,0.01934314636574518,1.1650149857490117
情景→结果,峰值=高 且 熟悉=低,结果=获救,0.056380873007604956,0.2793434499845153,1.731734549471301,0.023823416078182343,1.1637881184174705
情景→结果,播报=无 且 熟悉=低 且 行动=正常,结果=获救,0.042025210959474944,0.2786296449785882,1.7273094563093956,0.017695343021817227,1.1626365354906394
情景→结果,播报=无,结果=获救,0.08869673924367122,0.2661123960742639,1.6497112438109396,0.03493173062387421,1.1428065086280106
情景→结果,峰值=高 且 进水=出入口,结果=获救,0.03304510886550682,0.26437739623270545,1.6389554549455823,0.012882810515180997,1.140111146765491
情景→结果,播报=无 且 行动=正常,结果=获救,0.0711740806333993,0.26408967916505605,1.6371718098071382,0.02770028013973961,1.1396654002843578
情景→结果,峰值=高 且 行动=正常,结果=获救,0.06838212313782685,0.2542215336948102,1.5759961908657214,0.024992346224556906,1.1245853403663906
情景→结果,峰值=高,结果=获救,0.0841754349411397,0.2525315664458057,1.5655195726642268,0.030407065378127103,1.1220427414971743
情景→结果,播报=无 且 熟悉=高,结果=获救,0.03596207938326909,0.24506602300156183,1.519238410483074,0.01229095631586706,1.1109468588264133
情景→结果,播报=无 且 进水=出入口,结果=获救,0.030336493384727575,0.24270711785297547,1.5046148438844686,0.01017419503440175,1.1074863505780568
情景→结果,播报=晚 且 熟悉=低 且 行动=正常,结果=获救,0.03583706636107928,0.2226825479026411,1.3804764772135443,0.009877140963860297,1.07895625925391
情景→结果,播报=晚 且 熟悉=低,结果=获救,0.04385873528492551,0.21963689482470783,1.361595552455677,0.01164745550670869,1.0747452369360186
情景→结果,播报=晚 且 进水=隧道,结果=获救,0.035607875820397955,0.2136784196049012,1.3246571620947083,0.008727051982107246,1.0666011861792395
情景→结果,播报=晚 且 行动=正常,结果=获救,0.05365142202312741,0.19972077871713334,1.2381295239639387,0.010318781144522497,1.0479986335560534
情景→结果,播报=晚,结果=获救,0.065631836649651,0.1969119209851847,1.220716565187799,0.01186682802985399,1.0443331837232694
情景→结果,峰值=高 且 播报=早 且 速率=中,结果=自救,0.041671007396603815,1.0,1.1923334906715026,0.00672188643118047,inf
情景→结果,峰值=高 且 播报=早 且 进水=风亭,结果=自救,0.03125325554745286,1.0,1.1923334906715026,0.005041414823385354,inf
情景→结果,峰值=高 且 水深=中 且 进水=风亭,结果=自救,0.0535889155120325,1.0,1.1923334906715026,0.00864434595049808,inf
情景→结果,峰值=低 且 播报=晚 且 速率=快,结果=自救,0.041671007396603815,1.0,1.1923334906715026,0.00672188643118047,inf
情景→结果,峰值=高 且 播报=晚 且 速率=慢,结果=自救,0.05206792374205647,1.0,1.1923334906715026,0.008398997095759995,inf
情景→结果,峰值=低 且 水深=浅 且 熟悉=高,结果=自救,0.06531930409417648,1.0,1.1923334906715026,0.010536556980875383,inf
情景→结果,水深=浅 且 速率=中,结果=自救,0.12407542452338785,1.0,1.1923334906715026,0.020014416848839853,inf
情景→结果,水深=浅 且 熟悉=高 且 速率=中,结果=自救,0.054943223252422124,1.0,1.1923334906715026,0.008862807259511447,inf
情景→结果,水深=浅 且 行动=正常 且 速率=中,结果=自救,0.09955203667048651,1.0,1.1923334906715026,0.016058586684090145,inf
情景→结果,播报=早 且 水深=浅 且 速率=中,结果=自救,0.11753307636212106,1.0,1.1923334906715026,0.018959080679144508,inf
情景→结果,水深=浅 且 熟悉=低 且 速率=中,结果=自救,0.06913220127096573,1.0,1.1923334906715026,0.011151609589328398,inf
情景→结果,峰值=低 且 水深=浅 且 速率=中,结果=自救,0.06254818210230233,1.0,1.1923334906715026,0.010089551533201888,inf
情景→结果,水深=浅 且 进水=出入口 且 速率=中,结果=自救,0.04000416710073966,1.0,1.1923334906715026,0.006453010973933249,inf
情景→结果,水深=浅 且 熟悉=低 且 进水=出入口,结果=自救,0.060047921658506094,1.0,1.1923334906715026,0.00968623834733106,inf
情景→结果,峰值=低 且 水深=浅 且 进水=出入口,结果=自救,0.056943431607459113,1.0,1.1923334906715026,0.009185457808208113,inf
情景→结果,播报=早 且 水深=浅 且 进水=出入口,结果=自救,0.0907802896135014,1.0,1.1923334906715026,0.014643629590326654,inf
情景→结果,峰值=高 且 水深=浅 且 速率=中,结果=自救,0.03754557766434004,1.0,1.1923334906715026,0.0060564196744936,inf
情景→结果,峰值=高 且 播报=早 且 水深=浅,结果=自救,0.07515366183977498,1.0,1.1923334906715026,0.012122922178633977,inf
情景→结果,峰值=高 且 水深=浅 且 熟悉=低,结果=自救,0.04067090321908532,1.0,1.1923334906715026,0.006560561156832137,inf
情景→结果,峰值=低 且 水深=浅,结果=自救,0.14618189394728617,1.0,1.1923334906715026,0.023580377600581084,inf
情景→结果,峰值=低 且 水深=浅 且 行动=正常,结果=自救,0.11744973434732785,1.0,1.1923334906715026,0.01894563690628215,inf
情景→结果,峰值=低 且 水深=浅 且 熟悉=低,结果=自救,0.08086258985310969,1.0,1.1923334906715026,0.013043820619705701,inf
情景→结果,峰值=低 且 播报=早 且 水深=浅,结果=自救,0.09998958224815085,1.0,1.1923334906715026,0.01612916649161754,inf
情景→结果,峰值=低 且 水深=浅 且 进水=隧道,结果=自救,0.047400770913636835,1.0,1.1923334906715026,0.007646145815467784,inf
情景→结果,水深=浅 且 熟悉=低 且 进水=隧道,结果=自救,0.04875507865402646,1.0,1.1923334906715026,0.00786460712448115,inf
情景→结果,播报=早 且 水深=浅 且 进水=隧道,结果=自救,0.08355036983019065,1.0,1.1923334906715026,0.013477382294516838,inf
情景→结果,水深=浅 且 进水=隧道 且 速率=中,结果=自救,0.051005313053443066,1.0,1.1923334906715026,0.008227588991764893,inf
情景→结果,峰值=低 且 水深=浅 且 速率=快,结果=自救,0.03639962496093343,1.0,1.1923334906715026,0.005871567797636139,inf
情景→结果,水深=浅 且 速率=慢,结果=自救,0.11211584540056256,1.0,1.1923334906715026,0.018085235443091055,inf
情景→结果,水深=浅 且 行动=正常 且 速率=慢,结果=自救,0.09015522450255235,1.0,1.1923334906715026,0.014542801293858945,inf
情景→结果,水深=浅 且 熟悉=高 且 速率=慢,结果=自救,0.051297010105219296,1.0,1.1923334906715026,0.008274642196783158,inf
情景→结果,水深=浅 且 进水=出入口 且 速率=慢,结果=自救,0.046838212313782684,1.0,1.1923334906715026,0.007555400348646844,inf
情景→结果,水深=浅 且 熟悉=低 且 速率=慢,结果=自救,0.060818835295343265,1.0,1.1923334906715026,0.009810593246307897,inf
情景→结果,峰值=低 且 水深=浅 且 速率=慢,结果=自救,0.047234086884050425,1.0,1.1923334906715026,0.007619258269743065,inf
情景→结果,播报=早 且 水深=浅 且 速率=慢,结果=自救,0.06752786748619648,1.0,1.1923334906715026,0.010892816961727954,inf
情景→结果,水深=浅 且 进水=风亭 且 速率=中,结果=自救,0.033065944369205125,1.0,1.1923334906715026,0.005333816883141704,inf
情景→结果,水深=浅 且 进水=风亭 且 速率=慢,结果=自救,0.04404625481821023,1.0,1.1923334906715026,0.007105033957757759,inf
情景→结果,峰值=低 且 水深=浅 且 进水=风亭,结果=自救,0.041837691426190225,1.0,1.1923334906715026,0.006748773976905188,inf
情景→结果,峰值=中 且 水深=浅 且 速率=慢,结果=自救,0.03739972913845192,1.0,1.1923334906715026,0.0060328930719844714,inf
情景→结果,峰值=低 且 播报=早 且 水深=干,结果=自救,0.03692051255339098,1.0,1.1923334906715026,0.005955591378025895,inf
情景→结果,播报=早 且 水深=干 且 速率=慢,结果=自救,0.03396187102823211,1.0,1.1923334906715026,0.005478337441412084,inf
情景→结果,播报=早 且 水深=干,结果=自救,0.04990103135743307,1.0,1.1923334906715026,0.008049459001338612,inf
情景→结果,播报=早 且 水深=干 且 行动=正常,结果=自救,0.03871236587144494,1.0,1.1923334906715026,0.006244632494566658,inf
情景→结果,播报=早 且 水深=干 且 熟悉=低,结果=自救,0.032503385769350975,1.0,1.1923334906715026,0.0052430714163207645,inf
情景→结果,峰值=低 且 进水=隧道 且 速率=快,结果=自救,0.05208875924575477,1.0,1.1923334906715026,0.008402358038975585,inf
情景→结果,峰值=低 且 播报=晚 且 进水=隧道,结果=自救,0.041671007396603815,1.0,1.1923334906715026,0.00672188643118047,inf
情景→结果,播报=早 且 进水=隧道 且 速率=中,结果=自救,0.05208875924575477,1.0,1.1923334906715026,0.008402358038975585,inf
情景→结果,峰值=低 且 播报=早 且 进水=隧道,结果=自救,0.05208875924575477,1.0,1.1923334906715026,0.008402358038975585,inf
情景→结果,峰值=高 且 水深=中 且 进水=隧道,结果=自救,0.047150744869257216,1.0,1.1923334906715026,0.007605814496880699,inf
情景→结果,水深=中 且 进水=隧道 且 速率=慢,结果=自救,0.03506615272424211,1.0,1.1923334906715026,0.0056564674318383655,inf
情景→结果,峰值=高 且 进水=隧道 且 速率=慢,结果=自救,0.03123242004375456,1.0,1.1923334906715026,0.005038053880169761,inf
情景→结果,峰值=低 且 播报=早 且 速率=慢,结果=自救,0.041671007396603815,1.0,1.1923334906715026,0.00672188643118047,inf
情景→结果,播报=早 且 进水=风亭 且 速率=慢,结果=自救,0.03125325554745286,1.0,1.1923334906715026,0.005041414823385354,inf
情景→结果,峰值=低 且 播报=早 且 进水=风亭,结果=自救,0.03125325554745286,1.0,1.1923334906715026,0.005041414823385354,inf
情景→结果,峰值=中 且 水深=中 且 速率=慢,结果=自救,0.0546306906969476,1.0,1.1923334906715026,0.008812393111277593,inf
情景→结果,播报=早 且 水深=浅 且 行动=缓慢,结果=自救,0.034128555057818526,0.9993898718730934,1.1916060144721912,0.005487750426654094,264.3845817272679
情景→结果,水深=浅 且 熟悉=低,结果=自救,0.16958016460047923,0.9991406825435797,1.191308897689094,0.027232394908309948,187.71697051776493
情景→结果,播报=早 且 水深=浅 且 熟悉=低,结果=自救,0.14076466298572768,0.9989649563803046,1.191099373499434,0.02258421044114864,155.84702573184433
情景→结果,水深=浅 且 熟悉=低 且 行动=正常,结果=自救,0.13599333263881655,0.9989286807468626,1.1910561208467858,0.021814554444778478,150.56993436816612
情景→结果,播报=早 且 水深=浅,结果=自救,0.2480883425356808,0.9989093959731543,1.1910331269652334,0.03979158158175766,147.90745830895168
情景→结果,播报=早 且 水深=浅 且 行动=正常,结果=自救,0.1998333159704136,0.9988544053322225,1.1909675597823768,0.03204258621541611,140.80762958262926
情景→结果,播报=早 且 水深=浅 且 熟悉=高,结果=自救,0.10732367954995312,0.9988365328679465,1.1909462498446597,0.017207371140609024,138.64462964892306
情景→结果,峰值=高 且 播报=早 且 熟悉=高,结果=自救,0.04185852692988853,0.9985089463220675,1.190555657434915,0.006699711238672648,108.18421363336117
情景→结果,峰值=高 且 播报=早 且 行动=正常,结果=自救,0.07486196478799875,0.9980555555555556,1.1900150644396414,0.011953547050236726,82.95864152516009
情景→结果,播报=早 且 熟悉=高 且 速率=慢,结果=自救,0.042337743514949476,0.9980353634577603,1.1899909887251934,0.006759538372148509,82.10601104281794
情景→结果,峰值=高 且 水深=中 且 速率=快,结果=自救,0.043921241796020416,0.9976336961665878,1.189512067361821,0.006997495496050658,68.16895926659093
情景→结果,水深=浅 且 熟悉=低 且 进水=风亭,结果=自救,0.06077716428794666,0.9976060191518468,1.1894790671302233,0.009681549436497731,67.38085217210076
情景→结果,峰值=高 且 播报=早,结果=自救,0.09355141160537556,0.9975560986447456,1.1894195452377354,0.014898414872690321,66.00449289225149
情景→结果,峰值=高 且 水深=中 且 速率=慢,结果=自救,0.08871757474736952,0.9974232841414851,1.189261186057451,0.014118676046673384,62.602350623643076
情景→结果,播报=早 且 进水=隧道 且 速率=慢,结果=自救,0.031169913532659653,0.9973333333333333,1.1891539346963786,0.0049580728085921455,60.4906761120941
情景→结果,峰值=中 且 播报=早 且 速率=慢,结果=自救,0.031169913532659653,0.9973333333333333,1.1891539346963786,0.0049580728085921455,60.4906761120941
情景→结果,播报=早 且 行动=正常 且 速率=慢,结果=自救,0.08330034378581103,0.9972561736093789,1.1890619345733768,0.013244830810619931,58.78960497779138
情景→结果,播报=早 且 速率=慢,结果=自救,0.103864985936035,0.997,1.1887564901994883,0.01649218352247664,53.769489877417726
情景→结果,峰值=中 且 水深=浅 且 熟悉=低,结果=自救,0.04804667152828419,0.9969736273238219,1.1887250451744424,0.007628013131772096,53.30092717991475
情景→结果,峰值=中 且 水深=浅,结果=自救,0.08748828002916971,0.9969135802469137,1.1886534490336278,0.013885431275988153,52.26394416085172
情景→结果,峰值=中 且 水深=浅 且 熟悉=高,结果=自救,0.03944160850088551,0.9968404423380727,1.188566244255479,0.006257418144216043,51.05413063860824
情景→结果,峰值=高 且 播报=早 且 熟悉=低,结果=自救,0.05169288467548703,0.9967858577742065,1.1885011612519076,0.00819870363401768,50.18709761433427
情景→结果,峰值=中 且 水深=浅 且 行动=正常,结果=自救,0.07046567350765705,0.9967580312407899,1.1884679827441857,0.01117448978981634,49.75633067838528
情景→结果,峰值=低 且 播报=早 且 速率=中,结果=自救,0.0622981560579227,0.9966666666666666,1.1883590457025976,0.009874474609787687,48.392540889674876
情景→结果,播报=早 且 水深=浅 且 进水=风亭,结果=自救,0.07375768309198875,0.9963411201801297,1.187970885723929,0.011670569696914192,44.08684558487891
情景→结果,水深=浅 且 熟悉=低 且 速率=快,结果=自救,0.03962912803417023,0.996333158721844,1.1879613930105806,0.006270192072673653,43.99112407542605
情景→结果,峰值=中 且 播报=早 且 水深=浅,结果=自救,0.07294509844775497,0.9963005122367672,1.1879224675130708,0.01153949291150616,43.60292017597952
情景→结果,播报=早 且 熟悉=低 且 速率=慢,结果=自救,0.06152724242108553,0.9962887989203778,1.187908501333653,0.00973264515032813,43.46530036272643
情景→结果,播报=早 且 水深=浅 且 速率=快,结果=自救,0.06302739868736326,0.9957208689927584,1.1872313394605976,0.009939683940885208,37.696548518675485
情景→结果,水深=浅 且 行动=缓慢,结果=自救,0.042691947077820605,0.9956268221574344,1.1871192042691492,0.0067293016043999815,36.885870055908285
情景→结果,水深=浅 且 进水=出入口,结果=自救,0.11303260756328784,0.9955955221141494,1.187081884179281,0.01781372749299194,36.62374379275603
情景→结果,水深=浅 且 行动=正常 且 进水=出入口,结果=自救,0.09086363162829461,0.9954348322300844,1.1868902882488983,0.014307582153534781,35.334620272944996
情景→结果,播报=早 且 进水=出入口 且 速率=中,结果=自救,0.041462652359620794,0.995,1.1863718232181453,0.0065135313941974485,32.26169392645063
情景→结果,水深=浅 且 进水=风亭,结果=自救,0.10186477758099802,0.9949124949124949,1.1862674879717088,0.015994787368952865,31.706792790915593
情景→结果,水深=浅,结果=自救,0.31159495780810503,0.9948114148872482,1.1861469668723692,0.048899890071500474,31.089105435663377
情景→结果,水深=浅 且 行动=正常,结果=自救,0.25042191894989063,0.9947856315179607,1.1861162244976653,0.039294279197768234,30.935379842808466
情景→结果,峰值=低 且 播报=早 且 熟悉=高,结果=自救,0.059110323992082506,0.9947405329593267,1.186062451975825,0.009272877495388819,30.670117026078813
情景→结果,水深=浅 且 行动=正常 且 进水=风亭,结果=自救,0.08217522658610273,0.9947036569987391,1.1860184835330156,0.012888594272150944,30.456575337709452
情景→结果,播报=早 且 熟悉=高 且 速率=中,结果=自救,0.0568184185852693,0.9945295404814005,1.1858108785781138,0.008903173741673896,29.487188248776352
情景→结果,峰值=高 且 播报=早 且 进水=出入口,结果=自救,0.041462652359620794,0.9945027486256871,1.1857789337512694,0.006496056833714736,29.343477066739624
情景→结果,播报=早 且 进水=出入口 且 速率=慢,结果=自救,0.04144181685592249,0.9944999999999999,1.1857756564728092,0.006492695890499146,29.328812660409373
情景→结果,播报=早 且 行动=正常 且 速率=中,结果=自救,0.10780289613501406,0.9942352036894697,1.1854599309635578,0.01686528338298253,27.981642532208582
情景→结果,水深=浅 且 行动=正常 且 进水=隧道,结果=自救,0.07738306073549328,0.9941113490364025,1.1853122549127304,0.012098102772082467,27.393111024822446
情景→结果,播报=早 且 速率=中,结果=自救,0.1346181893947286,0.994,1.1851794897274737,0.021033546257102742,26.884744938708863
情景→结果,峰值=低 且 播报=早 且 行动=正常,结果=自救,0.11603292009584332,0.9939318222380868,1.1850981990986256,0.018122957711209822,26.582686922045045
情景→结果,水深=浅 且 进水=隧道,结果=自救,0.09669757266381915,0.9937901498929336,1.1849292784167973,0.01509137520955564,25.97622597181439
情景→结果,播报=早 且 熟悉=低 且 速率=中,结果=自救,0.07779977080945932,0.9936136242682279,1.184718801002499,0.012130372515428867,25.258217869917303
情景→结果,峰值=低 且 播报=早,结果=自救,0.14491092822168977,0.9935714285714287,1.1846684896600432,0.02258900484270808,25.092428609461976
情景→结果,峰值=低 且 播报=早 且 熟悉=低,结果=自救,0.08580060422960725,0.992767598842816,1.1837100565538208,0.01331612734731924,22.30358440115333
情景→结果,峰值=高 且 播报=早 且 速率=慢,结果=自救,0.031024065006771538,0.9926666666666666,1.1835897117399117,0.004812224282704031,21.99660949530703
情景→结果,水深=中 且 进水=风亭 且 速率=慢,结果=自救,0.07023648296697572,0.9926383981154299,1.1835560061995392,0.010892875567686887,21.912142514845133
情景→结果,播报=早 且 熟悉=高 且 进水=出入口,结果=自救,0.050442754453588916,0.9926199261992621,1.1835339815152555,0.007822301436255154,21.85729763517062
情景→结果,峰值=中 且 水深=浅 且 进水=风亭,结果=自救,0.0328159183248255,0.9918136020151133,1.1825725741861566,0.005066316278279366,19.70444998277042
情景→结果,播报=早 且 行动=正常 且 进水=出入口,结果=自救,0.09911449109282217,0.9914547728220091,1.1821447301217878,0.015271549896771555,18.87702529989137
情景→结果,水深=浅 且 熟悉=高 且 进水=风亭,结果=自救,0.04108761329305136,0.9909547738693468,1.181548564625228,0.006313237932455133,17.833547476010413
情景→结果,播报=早 且 进水=出入口,结果=自救,0.12386706948640483,0.9906682219630061,1.181206899190482,0.01900223202965208,17.285930826127558
情景→结果,水深=浅 且 熟悉=高 且 进水=出入口,结果=自救,0.052984685904781746,0.9906505648617062,1.181185846037254,0.00812748914566088,17.25328506441633
情景→结果,播报=早 且 熟悉=低 且 进水=隧道,结果=自救,0.05506823627461194,0.9902585237916823,1.180718402339746,0.008428634346254488,16.55893482494179
情景→结果,播报=晚 且 水深=中 且 速率=慢,结果=自救,0.07715387019481196,0.9901069518716576,1.180537678063255,0.011799013989470294,16.30523449796273
情景→结果,水深=浅 且 熟悉=高 且 行动=正常,结果=自救,0.11442858631107407,0.9899062725306417,1.1802984013640758,0.017479724752989714,15.98106052713824
情景→结果,播报=早 且 进水=隧道,结果=自救,0.10311490780289613,0.9897999999999999,1.1801716890666532,0.015742105389337763,15.814555846299193
情景→结果,播报=早 且 行动=正常 且 进水=隧道,结果=自救,0.08277945619335347,0.989785749875436,1.1801546981658895,0.012636570415748824,15.792492612289417
情景→结果,水深=浅 且 熟悉=高,结果=自救,0.1420147932076258,0.9896907216494846,1.1800413928295286,0.021667495163190525,15.646921554328626
情景→结果,峰值=低 且 水深=中 且 速率=快,结果=自救,0.06956974684863007,0.9896265560165977,1.1799648859964873,0.01061057977996089,15.550136472549442
情景→结果,播报=早 且 熟悉=低 且 进水=出入口,结果=自救,0.07342431503281592,0.9893318360471646,1.1796134815065624,0.011179930593396947,15.120546548160245
情景→结果,播报=早 且 熟悉=高 且 进水=隧道,结果=自救,0.04804667152828419,0.9892749892749891,1.1795457011962611,0.007313471043083282,15.040401708511105
情景→结果,峰值=低 且 熟悉=低 且 进水=隧道,结果=自救,0.05633920200020835,0.9883040935672515,1.1783880697279763,0.008528804519509221,13.791874153557659
情景→结果,水深=浅 且 熟悉=高 且 进水=隧道,结果=自救,0.04794249400979269,0.9875536480686695,1.1774932884270934,0.007226768085074491,12.960301180798275
情景→结果,峰值=低 且 水深=中 且 进水=隧道,结果=自救,0.04942181477237212,0.9866888519134775,1.176462163008654,0.007412971371933266,12.118298781123041
情景→结果,水深=中 且 熟悉=低 且 速率=慢,结果=自救,0.09865611001145953,0.9866638883100646,1.176432398068257,0.014795694254926217,12.095614777580973
情景→结果,水深=中 且 行动=正常 且 速率=慢,结果=自救,0.133263881654339,0.986428130783467,1.1761512964736167,0.01995883148443653,11.885501330631056
情景→结果,水深=中 且 速率=慢,结果=自救,0.16424627565371394,0.9856214053513379,1.175189410723113,0.02448474091298597,11.218653392337119
情景→结果,播报=早 且 进水=风亭 且 速率=中,结果=自救,0.04106677778935306,0.9855,1.175044655056766,0.006117656823929715,11.12472204360371
情景→结果,峰值=中 且 进水=风亭 且 速率=中,结果=自救,0.04106677778935306,0.9855,1.175044655056766,0.006117656823929715,11.12472204360371
情景→结果,峰值=低 且 熟悉=高 且 速率=快,结果=自救,0.048921762683612875,0.985312631137222,1.1748212488865666,0.00727988505331096,10.98280237524743
情景→结果,峰值=低 且 播报=早 且 进水=出入口,结果=自救,0.061568913428482135,0.985,1.1744484883114301,0.00914523198034712,10.753897975483545
情景→结果,播报=无 且 水深=中 且 进水=隧道,结果=自救,0.04225440150015627,0.9844660194174757,1.1738118053795181,0.006256806905770226,10.384232732576281
情景→结果,水深=中 且 熟悉=高 且 速率=慢,结果=自救,0.06559016564225441,0.984057517974367,1.173324735427912,0.009689046658059766,10.118152830462343
情景→结果,峰值=高 且 水深=浅 且 进水=出入口,结果=自救,0.03048234191061569,0.9838601210490922,1.1730893724629512,0.004497670472823435,9.99440393096504
情景→结果,播报=无 且 水深=中 且 速率=慢,结果=自救,0.08471715803729556,0.9837890152431648,1.1730045906291628,0.012494799562248207,9.95056574612093
情景→结果,峰值=中 且 水深=中 且 速率=中,结果=自救,0.09796853838941556,0.9832705980761187,1.1723864644787547,0.01440519016108835,9.642213772267906
情景→结果,播报=晚 且 水深=浅,结果=自救,0.03748307115324513,0.9830601092896175,1.1721354916491986,0.005504625469882771,9.522403207323356
情景→结果,峰值=高 且 水深=浅 且 行动=正常,结果=自救,0.06250651109490572,0.9829619921363041,1.1720185032812935,0.009174152501669704,9.467566333031495
情景→结果,峰值=高 且 水深=浅,结果=自救,0.07792478383164914,0.9829172141918529,1.171965113038481,0.011434081194931223,9.442749645395766
情景→结果,播报=早 且 进水=出入口 且 速率=快,结果=自救,0.04096260027086155,0.9825087456271864,1.1714780822889426,0.005996004744955492,9.222235649546809
情景→结果,峰值=低 且 播报=早 且 速率=快,结果=自救,0.04094176476716325,0.9825,1.1714676545847513,0.0059926438017399025,9.217626836128781
情景→结果,峰值=低 且 行动=正常 且 进水=隧道,结果=自救,0.08994686946556933,0.9822525597269625,1.1711726232602677,0.01314617614405153,9.089111846586583
情景→结果,播报=晚 且 进水=出入口 且 速率=慢,结果=自救,0.030690696947598708,0.982,1.1708714878394155,0.0044788562235312,8.961581646236287
情景→结果,峰值=低 且 进水=隧道,结果=自救,0.1124492134597354,0.9814511729405347,1.1702171029558284,0.01635660536530391,8.696424259880057
情景→结果,峰值=高 且 水深=中 且 熟悉=高,结果=自救,0.06144390040629232,0.9807116727635516,1.169335372128454,0.008897897034778321,8.363009796279036
情景→结果,峰值=中 且 播报=早 且 速率=中,结果=自救,0.030649025940202104,0.9806666666666666,1.1692817098518535,0.004437185216134596,8.343541532702718
情景→结果,播报=早 且 熟悉=高 且 行动=正常,结果=自救,0.11092822168975935,0.9806594216246086,1.1692730713455666,0.016058832829117686,8.340416015557189
情景→结果,播报=晚 且 进水=风亭 且 速率=慢,结果=自救,0.04085842275237004,0.9804999999999999,1.1690829876034083,0.005909301786946694,8.272229211910396
情景→结果,熟悉=低 且 进水=隧道 且 速率=慢,结果=自救,0.038837378893634755,0.9800210304942166,1.1685118962206524,0.005600764855517151,8.073913401067001
情景→结果,播报=早 且 熟悉=高,结果=自救,0.1366183977497656,0.9799730981916006,1.1684547449309584,0.019696113559941802,8.054589330667197
情景→结果,播报=早 且 行动=正常,结果=自救,0.26146473590999064,0.9795488252283194,1.167948870067652,0.03759814156597141,7.887491620071752
情景→结果,播报=早,结果=自救,0.32640900093759767,0.979063808511968,1.1673705683932105,0.04679855865372817,7.704766634584115
情景→结果,播报=晚 且 熟悉=低 且 速率=慢,结果=自救,0.0689030107302844,0.9789816459443458,1.167272603212155,0.00987394541968438,7.674648034052845
情景→结果,水深=浅 且 速率=快,结果=自救,0.0754036878841546,0.9789018122802272,1.1671774148607434,0.010800237779569552,7.645607849108212
情景→结果,水深=浅 且 行动=正常 且 速率=快,结果=自救,0.060714657776851755,0.9788377561303325,1.1671010385679406,0.008692891219819109,7.622465303098692
情景→结果,播报=早 且 熟悉=低 且 行动=正常,结果=自救,0.1505365142202313,0.9787320509347062,1.1669750027230572,0.021539308736853724,7.584580400161152
情景→结果,水深=中 且 熟悉=低 且 进水=隧道,结果=自救,0.0907594541098031,0.9786564816895079,1.1668848989811424,0.012980185401253452,7.557726298243764
情景→结果,播报=早 且 熟悉=低,结果=自救,0.18979060318783206,0.9784103114930182,1.1665913820114626,0.027102445093786398,7.471551503862046
情景→结果,峰值=高 且 进水=出入口 且 速率=慢,结果=自救,0.04075424523387853,0.977511244377811,1.1655193941796398,0.005787649707972471,7.172849949647502
情景→结果,播报=早 且 行动=缓慢,结果=自救,0.04610896968434212,0.9761799735333039,1.1639320753665794,0.006494141070034758,6.771968530672547
情景→结果,峰值=高 且 熟悉=高 且 速率=慢,结果=自救,0.047796645483904575,0.9761702127659575,1.1639204372767775,0.006731428349532144,6.769194707782074
情景→结果,峰值=高 且 行动=正常 且 速率=慢,结果=自救,0.09859360350036463,0.9760726072607261,1.1638040589640162,0.013876934280178443,6.7415815584238326
情景→结果,峰值=低 且 速率=快,结果=自救,0.11180331284508803,0.9756363636363636,1.163283911080597,0.015693230190173837,6.620870022219352
情景→结果,峰值=高 且 播报=晚 且 水深=中,结果=自救,0.07661214709865612,0.9755903422658532,1.1632290382592507,0.010750528639315832,6.6083871961300735
情景→结果,峰值=低 且 播报=晚 且 速率=慢,结果=自救,0.030503177414313992,0.9753497668221186,1.1629421921006529,0.0042738621297637724,6.543892241027361
情景→结果,峰值=高 且 速率=慢,结果=自救,0.12192936764246276,0.9753333333333333,1.1629225979016056,0.01708200474619273,6.539532552658903
情景→结果,峰值=高 且 熟悉=低 且 速率=慢,结果=自救,0.07413272215855818,0.9747945205479451,1.1622801533723852,0.01035057639666058,6.399738197366553
情景→结果,峰值=低 且 熟悉=高 且 进水=隧道,结果=自救,0.056110011459527036,0.9746652189648932,1.1621259827645156,0.007827800845794687,6.367075737055939
情景→结果,峰值=低 且 行动=正常 且 速率=快,结果=自救,0.0896135014063965,0.9746204396102425,1.162072590840275,0.012498265996189889,6.355841754349411
情景→结果,峰值=低 且 进水=风亭 且 速率=慢,结果=自救,0.0404833836858006,0.9710144927536231,1.157773099637546,0.005516788159894544,5.565142202312715
情景→结果,水深=中 且 进水=出入口 且 速率=慢,结果=自救,0.058943639962496096,0.9691675231243577,1.1555708958923196,0.007935397913460727,5.23177136507276
情景→结果,峰值=低 且 播报=晚 且 熟悉=低,结果=自救,0.04121262631524117,0.9691327780499756,1.155529468176498,0.005547048370026647,5.225882325705231
情景→结果,峰值=中 且 熟悉=高 且 速率=中,结果=自救,0.056193353474320244,0.969098095580309,1.1554881151063754,0.007561651650933664,5.220017104494895
情景→结果,水深=中 且 进水=隧道,结果=自救,0.15539118658193563,0.968948941145901,1.1553102732789486,0.02088949454650388,5.194942639160898
情景→结果,水深=中 且 行动=正常 且 进水=隧道,结果=自救,0.1257214293155537,0.9686948145769786,1.155007269659953,0.016872392068742692,5.152771576098996
情景→结果,峰值=低 且 熟悉=低 且 速率=快,结果=自救,0.06288155016147515,0.9682386910490856,1.1544634183017628,0.008413345136862864,5.078772725694262
情景→结果,播报=晚 且 速率=慢,结果=自救,0.11088655068236275,0.9678123295144572,1.1539550531648912,0.014793942587931264,5.011498726032547
情景→结果,进水=隧道 且 速率=慢,结果=自救,0.07050734451505365,0.9671334667047728,1.1531456223013332,0.009363857386045518,4.907985523854394
情景→结果,播报=晚 且 行动=正常 且 速率=慢,结果=自救,0.08917595582873215,0.9661399548532731,1.151961024847411,0.011763652890319456,4.763976803139207
情景→结果,峰值=中 且 播报=早 且 进水=隧道,结果=自救,0.030190644858839464,0.966,1.1517941519886716,0.0039788041347719565,4.744366753889799
情景→结果,行动=正常 且 进水=隧道 且 速率=慢,结果=自救,0.056797583081571,0.9659815733522324,1.1517721812794175,0.00748437339935866,4.741796888564778
情景→结果,峰值=高 且 水深=浅 且 熟悉=高,结果=自救,0.03725388061256381,0.9649217485159202,1.150508516632837,0.004873520038099079,4.598532218901011
情景→结果,峰值=低 且 播报=晚,结果=自救,0.08044587977914366,0.964767616191904,1.1503247395009175,0.010512688727331548,4.57841486147714
情景→结果,水深=中 且 进水=隧道 且 速率=中,结果=自救,0.0612563808730076,0.963302752293578,1.1485781332156677,0.007924022279771584,4.395655797478903
情景→结果,播报=晚 且 水深=中 且 进水=隧道,结果=自救,0.10994895301593915,0.962253829321663,1.1473274672271188,0.014118463328748346,4.273505543300858
情景→结果,熟悉=低 且 行动=正常 且 速率=慢,结果=自救,0.1509948953015939,0.9612680726886854,1.146152116579968,0.019254183822430604,4.164741618347791
情景→结果,熟悉=低 且 速率=慢,结果=自救,0.18718616522554432,0.9611640098427302,1.146028038963601,0.023851448393638314,4.153581999043164
情景→结果,峰值=高 且 水深=中,结果=自救,0.1563079487446609,0.9610555982577504,1.145898776200053,0.019901529616613595,4.1420194537808195
情景→结果,峰值=低 且 播报=晚 且 行动=正常,结果=自救,0.06400666736118346,0.960900844541758,1.1457142581616693,0.008140497497954244,4.125625419314516
情景→结果,峰值=高 且 水深=中 且 行动=正常,结果=自救,0.126846546515262,0.9605553802461344,1.145302349512166,0.01609278217583543,4.089492322116883
情景→结果,熟悉=低 且 进水=出入口 且 速率=慢,结果=自救,0.06581935618293572,0.9604743083003953,1.1452056847161074,0.008345526755297032,4.0811042816960095
情景→结果,峰值=低 且 熟悉=低 且 速率=慢,结果=自救,0.05913115949578081,0.9604060913705583,1.145124347386032,0.007493833269367818,4.0740728868658795
情景→结果,水深=浅 且 熟悉=高 且 速率=快,结果=自救,0.03577455984998437,0.9602908277404921,1.1449869146996476,0.004530045706895903,4.062247094400966
情景→结果,峰值=低 且 播报=晚 且 熟悉=高,结果=自救,0.03923325346390249,0.9602243753187149,1.1449076812516263,0.004965640357304901,4.055460371139078
情景→结果,峰值=低 且 速率=慢,结果=自救,0.09998958224815085,0.9594162335065973,1.1439441067038267,0.012581830713627062,3.9747042615789674
情景→结果,峰值=低 且 行动=正常 且 速率=慢,结果=自救,0.080883425356808,0.9592290585618977,1.1437209317486468,0.01016387908327386,3.956456827889264
情景→结果,峰值=高 且 进水=风亭 且 速率=慢,结果=自救,0.04994270236482967,0.9588,1.1432093508558367,0.006256301158050488,3.9152541172877005
情景→结果,峰值=低 且 熟悉=高 且 速率=慢,结果=自救,0.04085842275237004,0.9579872984855887,1.1422403396222847,0.005087997444259251,3.839516713223523
情景→结果,水深=中 且 进水=隧道 且 速率=快,结果=自救,0.0590686529846859,0.9571235651586765,1.1412104814495982,0.007309004834893926,3.7621707641790016
情景→结果,熟悉=高 且 进水=隧道 且 速率=中,结果=自救,0.04831753307636212,0.9562886597938144,1.1402149958215317,0.005941723905786317,3.6903116873416404
情景→结果,水深=中 且 熟悉=高 且 进水=隧道,结果=自救,0.06463173247213251,0.955637707948244,1.1394388441352439,0.007909309145250426,3.6361617529603762
情景→结果,播报=早 且 熟悉=低 且 进水=风亭,结果=自救,0.06129805188040421,0.9555050341019811,1.1392806526650083,0.007493880154134963,3.6253195474285174
情景→结果,播报=晚 且 水深=中 且 熟悉=低,结果=自救,0.12378372747161162,0.9549911589776563,1.138667942144253,0.015074486708662307,3.5839285342223115
情景→结果,播报=早 且 行动=正常 且 进水=风亭,结果=自救,0.07957078862381498,0.9549887471867966,1.1386650664852385,0.00969002125345099,3.583736500329887
情景→结果,行动=正常 且 速率=慢,结果=自救,0.2564225440150016,0.954548980066703,1.1381407174198546,0.031123035711400016,3.5490616023355748
情景→结果,播报=早 且 进水=风亭,结果=自救,0.0994270236482967,0.9543999999999999,1.1379630834968821,0.01205422123473833,3.537466439303794
情景→结果,速率=慢,结果=自救,0.3180331284508803,0.9541192649081134,1.137628353644819,0.03847510984845892,3.5158213857994296
情景→结果,熟悉=低 且 进水=风亭 且 速率=慢,结果=自救,0.08252943014897385,0.9530798845043311,1.1363890655798417,0.009905156782824137,3.437938460469976
情景→结果,播报=早 且 熟悉=高 且 进水=风亭,结果=自救,0.03812897176789249,0.952628839146278,1.135851269093623,0.004560341080603367,3.4052040677314186
情景→结果,行动=正常 且 进水=风亭 且 速率=慢,结果=自救,0.10409417647671633,0.9521631408423862,1.135296001409344,0.012405157623928187,3.3720539448622873
情景→结果,熟悉=高 且 进水=隧道 且 速率=慢,结果=自救,0.0316699656214189,0.9517845961177207,1.1348446498564082,0.0037630925305283565,3.3455795584767327
情景→结果,进水=风亭 且 速率=慢,结果=自救,0.12886759037399728,0.9516848745960916,1.1347257485464293,0.015300421796854133,3.338674344394945
情景→结果,峰值=中 且 行动=正常 且 速率=中,结果=自救,0.10432336701739764,0.9509971509971509,1.133905752667087,0.012319806075920689,3.2918181884256263
情景→结果,行动=正常 且 进水=出入口 且 速率=慢,结果=自救,0.09553078445671424,0.9504560530679934,1.1332605834844196,0.011233504688113141,3.2558663493974507
情景→结果,播报=晚 且 熟悉=高 且 速率=中,结果=自救,0.03425356808000833,0.9502890173410403,1.1330614211930348,0.004022578444917137,3.244926191439505
情景→结果,播报=晚 且 熟悉=高 且 速率=慢,结果=自救,0.04198353995207834,0.95002357378595,1.1327449239524177,0.004919997168246884,3.227691170660466
情景→结果,熟悉=高 且 进水=风亭 且 速率=慢,结果=自救,0.04633816022502344,0.9492104139991464,1.1317753663053445,0.005395265014029996,3.1760146583896605
情景→结果,进水=出入口 且 速率=慢,结果=自救,0.11865819356182936,0.9491666666666666,1.1317232048957013,0.013810830665559326,3.1732813698148155
情景→结果,峰值=低 且 进水=隧道 且 速率=中,结果=自救,0.03952495051567872,0.9489744872436218,1.131494062933387,0.004593304110738085,3.161329713675236
情景→结果,峰值=高 且 水深=中 且 熟悉=低,结果=自救,0.09486404833836858,0.9487393206918107,1.1312136659777767,0.01100363258183526,3.1468266088015513
情景→结果,峰值=中 且 速率=中,结果=自救,0.12847171580372954,0.9486153846153845,1.1310658928431516,0.014887072666103673,3.1392366844600144
情景→结果,峰值=低 且 熟悉=低 且 进水=出入口,结果=自救,0.05861027190332326,0.9484153742414025,1.130827413775771,0.006780725511600444,3.1270648426749226
情景→结果,行动=正常 且 进水=隧道 且 速率=中,结果=自救,0.09494739035316178,0.9464174454828661,1.1284452164049923,0.010807381628905086,3.010466206508917
情景→结果,行动=缓慢 且 速率=慢,结果=自救,0.044004583810813624,0.9458128078817734,1.1277242867434902,0.004983890252918462,2.9768744850315816
情景→结果,播报=晚 且 水深=中,结果=自救,0.2075424523387853,0.9451560869152671,1.1269412563410985,0.023378059411486962,2.9412283070143896
情景→结果,熟悉=高 且 行动=正常 且 速率=慢,结果=自救,0.10542764871340765,0.9450877848337692,1.126859817481846,0.01186885188896937,2.9375698857519907
情景→结果,峰值=中 且 播报=晚 且 速率=中,结果=自救,0.0590478174809876,0.9446666666666665,1.1263577041876793,0.0066241360328525845,2.915213306606981
情景→结果,峰值=低 且 熟悉=高,结果=自救,0.13415980831336596,0.9445503887340471,1.126219062114391,0.015035729502720488,2.909100099161554
情景→结果,播报=晚 且 进水=隧道 且 速率=慢,结果=自救,0.039337430982394,0.944472236118059,1.126125878132965,0.004405784577453366,2.9050056828367032
情景→结果,熟悉=高 且 速率=慢,结果=自救,0.13084696322533598,0.9442189144489551,1.1258238342229796,0.01462366145482065,2.8918130229760597
情景→结果,播报=晚 且 水深=中 且 行动=正常,结果=自救,0.16753828523804562,0.9440009391876026,1.1255639350187312,0.018689979046307592,2.8805566967034206
情景→结果,峰值=中 且 熟悉=低 且 速率=慢,结果=自救,0.053922283571205334,0.9438366156090445,1.1253680065127094,0.00600703872760993,2.8721287255301227
情景→结果,进水=隧道 且 速率=中,结果=自救,0.1179497864360871,0.9436572762127021,1.1251541741442534,0.013119898100299773,2.862986713975999
情景→结果,峰值=低 且 行动=缓慢,结果=自救,0.04321283467027815,0.943585077343039,1.1250680890139655,0.0048037507292778975,2.8593227117071924
情景→结果,峰值=低 且 熟悉=高 且 行动=正常,结果=自救,0.10857380977185123,0.9435089625203693,1.12497733476176,0.012061812225834662,2.8554701210863276
情景→结果,峰值=低 且 进水=出入口 且 速率=中,结果=自救,0.0393165954786957,0.9430284857571214,1.12440444622545,0.004349999952789639,2.83138813801876
情景→结果,峰值=中 且 进水=出入口 且 速率=慢,结果=自救,0.03923325346390249,0.9424424424424424,1.123705687154374,0.0043190816194445675,2.8025593245673184
情景→结果,峰值=高 且 播报=无 且 水深=中,结果=自救,0.06765288050838629,0.9417053364269141,1.1228268109658843,0.007400595963996448,2.767122404437856
情景→结果,峰值=低,结果=自救,0.3139702052297114,0.941694788151481,1.1228142339038165,0.03434228838535924,2.7666217910560715
情景→结果,峰值=低 且 进水=出入口,结果=自救,0.10782373163871237,0.940567066521265,1.1214696136359554,0.01167869986283275,2.7141259936289224
情景→结果,峰值=低 且 行动=正常,结果=自救,0.25233878529013437,0.9400760692385314,1.1208841811319235,0.02721402259135991,2.691887324186941
情景→结果,播报=早 且 熟悉=高 且 速率=快,结果=自救,0.03746223564954683,0.9398849973863044,1.1206563597633885,0.004033401446119404,2.6833313252739246
情景→结果,熟悉=低 且 进水=风亭,结果=获救,0.03783727471611626,0.1807684650607207,1.1206383984227963,0.004073239172296753,1.023753962827993
情景→结果,峰值=低 且 播报=晚 且 水深=中,结果=自救,0.0459006146473591,0.9398464163822526,1.1206103583401539,0.004940244875882946,2.6816103036737746
情景→结果,峰值=低 且 行动=正常 且 进水=出入口,结果=自救,0.08652984685904781,0.9395927601809955,1.1203079155562785,0.009292289525462225,2.670349946721197
情景→结果,峰值=低 且 熟悉=低,结果=自救,0.17981039691634546,0.939575394665215,1.1202872100702306,0.01930655888263874,2.669582510940984
情景→结果,峰值=低 且 水深=干 且 速率=慢,结果=自救,0.031857485154703616,0.9391891891891891,1.1198267243468842,0.003408900688849012,2.6526281672859415
情景→结果,峰值=中 且 播报=早 且 熟悉=低,结果=自救,0.05229711428273778,0.9390198279087169,1.119624789220154,0.005587614112449485,2.6452609774663407
情景→结果,峰值=中 且 播报=早 且 行动=正常,结果=自救,0.07056985102614856,0.9387472283813747,1.1192997596741627,0.007521636804524848,2.6334884996976005
情景→结果,播报=早 且 行动=正常 且 速率=快,结果=自救,0.07036149598916554,0.9385769872151195,1.1190967754301457,0.0074880273723689356,2.6261894739223863
情景→结果,峰值=中 且 播报=早,结果=自救,0.08794666111053234,0.938,1.1184088142498694,0.009311138938329827,2.601749510197632
情景→结果,播报=早 且 速率=快,结果=自救,0.08792582560683404,0.9375694290157742,1.1178954300452657,0.009272828874148806,2.583805771582817
情景→结果,峰值=低 且 熟悉=低 且 行动=正常,结果=自救,0.14376497551828316,0.9375000000000001,1.1178126475045338,0.015152210365525276,2.5809355141160575
情景→结果,峰值=中 且 播报=早 且 熟悉=高,结果=自救,0.03564954682779456,0.9365079365079364,1.1166297769780738,0.0037235248258803352,2.5406083967079853
情景→结果,播报=早 且 熟悉=低 且 速率=快,结果=自救,0.05046358995728722,0.9358578052550232,1.115854603711893,0.005239427428029408,2.51485734583296
情景→结果,熟悉=高 且 进水=出入口 且 速率=慢,结果=自救,0.05283883737889363,0.9354481741054961,1.1153661867734896,0.005465303910262294,2.498898635274505
情景→结果,熟悉=低 且 进水=隧道 且 速率=中,结果=自救,0.06963225335972498,0.9350867375489649,1.1149352338623846,0.007178174194513463,2.484984786489976
情景→结果,峰值=中 且 熟悉=低 且 速率=中,结果=自救,0.07227836232940932,0.9332795264998656,1.112780435603832,0.0073254210151700305,2.4176757323511544
情景→结果,播报=晚 且 水深=中 且 进水=风亭,结果=自救,0.047504948432128345,0.9332787556283259,1.112779516467878,0.004814597172863734,2.417647799457638
情景→结果,熟悉=高 且 速率=中,结果=自救,0.1312845088030003,0.9326524570751923,1.112032759727818,0.013226378181800252,2.3951648809571457
情景→结果,峰值=中 且 水深=中 且 进水=隧道,结果=自救,0.05881862694030628,0.9316831683168317,1.1108770442790932,0.00587070867768992,2.361181946790956
情景→结果,熟悉=高 且 行动=正常 且 速率=中,结果=自救,0.10736535055734972,0.9316579280419454,1.1108469494540323,0.010713556527471454,2.360309908825377
情景→结果,熟悉=低 且 行动=正常 且 进水=风亭,结果=获救,0.03029482237733097,0.1791743684534812,1.1107561113310294,0.0030207681828162067,1.021765766241445
情景→结果,峰值=高 且 播报=无 且 速率=慢,结果=自救,0.038837378893634755,0.9315342328835582,1.1106994635740535,0.0038707833677286974,2.356045603898823
情景→结果,峰值=低 且 熟悉=高 且 进水=出入口,结果=自救,0.049213459735389105,0.9313880126182966,1.1105251202547672,0.0048979743512323065,2.3510245918815804
情景→结果,播报=晚 且 水深=中 且 熟悉=高,结果=自救,0.08375872486717366,0.9309865678554886,1.1100464642194166,0.008303572702824655,2.337348898899562
情景→结果,峰值=中 且 水深=中 且 进水=出入口,结果=自救,0.05498489425981873,0.9305359661495064,1.1095091967144202,0.005427040730848431,2.322186902929293
情景→结果,峰值=中 且 播报=无 且 速率=中,结果=自救,0.03877487238253985,0.9305,1.1094663130698332,0.0038257514171165033,2.320985174564796
情景→结果,水深=中 且 熟悉=高 且 速率=中,结果=自救,0.07079904156682988,0.9296853625170999,1.1084949935162152,0.006929523002518714,2.294095161501502
情景→结果,峰值=高 且 熟悉=高 且 速率=中,结果=自救,0.03071153245129701,0.9293820933165196,1.1081333954916741,0.002996879525716298,2.284243150328159
情景→结果,峰值=低 且 进水=出入口 且 速率=慢,结果=自救,0.03867069486404834,0.9275362318840579,1.1059325130866111,0.0037040993381422804,2.2260568809250927
情景→结果,播报=晚 且 水深=中 且 速率=中,结果=自救,0.0709865611001146,0.9263186514410006,1.1044807511467671,0.006715127644701072,2.189271407038479
情景→结果,熟悉=高 且 进水=风亭 且 速率=中,结果=自救,0.034941139702052294,0.9249862107004964,1.1028920374275288,0.0032597615468960353,2.150384231200552
情景→结果,峰值=中 且 行动=正常 且 速率=慢,结果=自救,0.07694551515782894,0.9237118559279639,1.1013725815532414,0.00708222234794767,2.1144631527532725
情景→结果,峰值=中 且 进水=风亭 且 速率=慢,结果=自救,0.038441504323367015,0.9234234234234233,1.1010286738182793,0.003527332478909094,2.1064988387270698
情景→结果,峰值=中 且 速率=慢,结果=自救,0.09611417856026669,0.9233386709367493,1.1009276205900003,0.00881127438863917,2.1041700111820787
情景→结果,水深=中 且 熟悉=高 且 进水=出入口,结果=自救,0.07029898947807063,0.9226141646158053,1.1000637674393354,0.006394521792794039,2.0844702241878093
情景→行为,峰值=高 且 水深=深 且 速率=快,行为=观望,0.05786019377018439,0.9974856321839081,12.357853101875753,0.05317813505875643,365.612084592148
情景→行为,峰值=高 且 结果=获救 且 进水=隧道,行为=观望,0.030503177414313992,0.9779559118236473,12.115899325755278,0.027985561792544,41.70203146161054
情景→行为,峰值=高 且 结果=获救 且 速率=快,行为=观望,0.061464735909990624,0.9745622728774365,12.07385552058662,0.056374006125690185,36.13857693509749
情景→行为,峰值=高 且 水深=深 且 行动=正常,行为=观望,0.04733826440254193,0.8464977645305514,10.48726386387295,0.04282438308735779,5.988728801644991
情景→行为,峰值=高 且 水深=深,行为=观望,0.05786019377018439,0.8440729483282675,10.457222807179969,0.052327157433762705,5.895598286614896
情景→行为,峰值=高 且 水深=深 且 结果=获救,行为=观望,0.05786019377018439,0.8440729483282675,10.457222807179969,0.052327157433762705,5.895598286614896
情景→行为,峰值=高 且 播报=无 且 结果=获救,行为=观望,0.036670486509011356,0.8080808080808082,10.011316051584508,0.03300758281882095,4.789949610979216
情景→行为,峰值=高 且 水深=深 且 熟悉=低,行为=观望,0.03671215751640796,0.7897803675481847,9.784591827691049,0.032960119806208325,4.37296577846262
情景→行为,峰值=高 且 结果=获救 且 行动=正常,行为=观望,0.0535055734972393,0.7824497257769654,9.693772480295676,0.04798599135251712,4.225612962134538
情景→行为,峰值=高 且 结果=获救,行为=观望,0.06579852067923742,0.7816831683168316,9.684275597151867,0.05900415387098707,4.210775924079392
情景→行为,水深=深 且 行动=正常 且 速率=快,行为=观望,0.04733826440254193,0.7518199867637326,9.314300532969888,0.04225594348805368,3.704098676945515
情景→行为,水深=深 且 速率=快,行为=观望,0.05786019377018439,0.745503355704698,9.23604376795224,0.051595585760102085,3.6121625934136063
情景→行为,水深=深 且 结果=获救 且 速率=快,行为=观望,0.05786019377018439,0.745503355704698,9.23604376795224,0.051595585760102085,3.6121625934136063
情景→行为,峰值=高 且 熟悉=低 且 结果=获救,行为=观望,0.041483487863319096,0.7357723577235773,9.115486398797907,0.036932607520961315,3.479133563592362
情景→行为,水深=深 且 熟悉=低 且 速率=快,行为=观望,0.03671215751640796,0.7344726969570654,9.09938489686483,0.03267758178051871,3.4621044545620014
情景→行为,结果=获救 且 进水=隧道 且 速率=快,行为=观望,0.030503177414313992,0.6928537624230952,8.583767766519475,0.02694958903168207,2.9929823198391077
情景→行为,播报=无 且 结果=获救 且 速率=快,行为=观望,0.03658714449421815,0.6648996592199925,8.237444280914698,0.03214557945941885,2.743307441982834
情景→行为,熟悉=低 且 结果=获救 且 速率=快,行为=观望,0.04185852692988853,0.641033822590938,7.941770344670125,0.03658784733160719,2.560918873493766
情景→行为,结果=获救 且 进水=隧道,行为=观望,0.03342014793207626,0.6250974279033515,7.744334293294103,0.02910471594445983,2.4520590870627332
情景→行为,峰值=高 且 播报=无 且 速率=快,行为=观望,0.03233670173976456,0.621048419367747,7.694171111914047,0.028133948607631486,2.425859412273783
情景→行为,水深=深 且 行动=正常,行为=观望,0.04733826440254193,0.6110812264658418,7.570687523032545,0.04108542881019669,2.363689595951169
情景→行为,水深=深 且 结果=获救 且 行动=正常,行为=观望,0.04733826440254193,0.6110812264658418,7.570687523032545,0.04108542881019669,2.363689595951169
情景→行为,结果=获救 且 行动=正常 且 速率=快,行为=观望,0.0535889155120325,0.6097676623992414,7.554413773064427,0.046495192938468155,2.3557331622611057
情景→行为,结果=获救 且 速率=快,行为=观望,0.06571517866444421,0.6050258967964703,7.4956680218757334,0.05694809099825385,2.32745198031141
情景→行为,水深=深,行为=观望,0.05786019377018439,0.6048791113047266,7.493849495888062,0.0501391695086306,2.3265873432010613
情景→行为,水深=深 且 结果=获救,行为=观望,0.05786019377018439,0.6048791113047266,7.493849495888062,0.0501391695086306,2.3265873432010613
情景→行为,峰值=高 且 进水=隧道 且 速率=快,行为=观望,0.030503177414313992,0.5856,7.25500051626226,0.02629874250821848,2.2183476319323803
情景→行为,水深=深 且 熟悉=低 且 行动=正常,行为=观望,0.03006563183664965,0.5842105263157895,7.237786321767247,0.025911650149427288,2.2109344195927583
情景→行为,播报=无 且 结果=获救,行为=观望,0.05158870715699552,0.5816302560488606,7.205819344105592,0.044429395398896086,2.1972986143571123
情景→行为,水深=深 且 熟悉=低,行为=观望,0.03671215751640796,0.5780839895013123,7.161884635032392,0.03158611047889631,2.1788299941171294
情景→行为,水深=深 且 熟悉=低 且 结果=获救,行为=观望,0.03671215751640796,0.5780839895013123,7.161884635032392,0.03158611047889631,2.1788299941171294
情景→行为,播报=无 且 结果=获救 且 行动=正常,行为=观望,0.04098343577455985,0.5758196721311476,7.133831998950549,0.035238495918870946,2.1671991798662606
情景→行为,播报=无 且 熟悉=低 且 结果=获救,行为=观望,0.030107302844046255,0.570920584749111,7.07313718767,0.02585073294511516,2.142454813720812
情景→行为,峰值=高 且 熟悉=低 且 速率=快,行为=观望,0.03875403687884155,0.5133866961081976,6.3603496333796965,0.03266096981292793,1.8891453466656132
情景→行为,熟悉=低 且 结果=获救 且 行动=正常,行为=观望,0.04075424523387853,0.50231124807396,6.223135867658676,0.034205417424144166,1.847104751946233
情景→行为,熟悉=低 且 结果=获救,行为=观望,0.05058860297947703,0.5019640272896424,6.218834148106966,0.042453862323163435,1.8458169872147072
情景→行为,结果=获救 且 行动=正常,行为=观望,0.06529846859047818,0.5011994242763473,6.209361478612103,0.05478233600335209,1.8429875653994494
情景→行为,结果=获救,行为=观望,0.08071674132722159,0.5003874967708603,6.199302505812451,0.06769644731002501,1.8399924996495993
情景→行为,熟悉=高 且 结果=获救,行为=观望,0.030128138347744558,0.4977624784853701,6.166781144787128,0.025242584986861577,1.8303755081867177
情景→行为,峰值=高 且 行动=正常 且 速率=快,行为=观望,0.05017189290551099,0.4965972365436172,6.152344958159759,0.04201697096164814,1.8261386814028275
情景→行为,峰值=高 且 速率=快,行为=观望,0.061464735909990624,0.49183061020340113,6.0932912072050165,0.05137745568328628,1.8090095096848178
情景→行为,水深=中 且 熟悉=高 且 进水=隧道,行为=就近出口,0.05104698406083967,0.7547751078250154,4.451939449436108,0.0395807490321253,3.386530213312631
情景→行为,播报=晚 且 水深=中 且 熟悉=高,行为=就近出口,0.06756953849359308,0.7510421491431218,4.429921094767621,0.05231654932107655,3.335751427595414
情景→行为,播报=无 且 水深=中 且 熟悉=高,行为=就近出口,0.08002916970517762,0.7499023818820773,4.423198330887341,0.06193611492480948,3.3205494424794924
情景→行为,峰值=高 且 水深=中 且 熟悉=高,行为=就近出口,0.04635899572872174,0.7399401396740938,4.364437385235115,0.03573700905856028,3.1933475060941183
情景→行为,水深=中 且 熟悉=高 且 进水=风亭,行为=就近出口,0.04742160641733514,0.7227691330581137,4.2631565123662485,0.0362980161199163,2.995559316924838
情景→行为,峰值=中 且 水深=中 且 熟悉=高,行为=就近出口,0.06317324721325138,0.7222486898523105,4.260086748121131,0.048344148429966434,2.9899463155199295
情景→行为,水深=中 且 熟悉=高 且 速率=中,行为=就近出口,0.054964058756120426,0.721751025991792,4.257151344780147,0.04205306398410841,2.984598629220533
情景→行为,播报=无 且 熟悉=高 且 速率=中,行为=就近出口,0.0338576935097406,0.7114711033274956,4.196516603687249,0.025789646434699436,2.878261123874658
情景→行为,峰值=中 且 播报=晚 且 熟悉=高,行为=就近出口,0.038629023856651734,0.7108895705521473,4.193086510833269,0.02941647273068529,2.872471629587853
情景→行为,播报=无 且 熟悉=高 且 结果=自救,行为=就近出口,0.07829982289821856,0.706789542975362,4.168903049662345,0.05951794623534909,2.832305214602681
情景→行为,水深=中 且 熟悉=高 且 速率=快,行为=就近出口,0.04708823835816231,0.7066916823014384,4.168325831640351,0.035791559485140574,2.8313602318649487
情景→行为,水深=中 且 熟悉=高 且 行动=正常,行为=就近出口,0.12007500781331389,0.70625,4.165720627995576,0.09125046134556612,2.8271030005341875
情景→行为,水深=中 且 熟悉=高,行为=就近出口,0.14759870819877072,0.7047353760445684,4.156786822325065,0.11209082326080497,2.8126007622649385
情景→行为,水深=中 且 熟悉=高 且 结果=自救,行为=就近出口,0.13280550057297635,0.6934290687554395,4.090098089580597,0.10033549675783696,2.7088723090462685
情景→行为,水深=中 且 熟悉=高 且 速率=慢,行为=就近出口,0.04554641108448797,0.6833385432947796,4.030580482417715,0.034246199791555965,2.6225531678141447
情景→行为,峰值=中 且 播报=无 且 熟悉=高,行为=就近出口,0.03669132201270966,0.6815015479876161,4.019745212690872,0.027563548964589533,2.6074271355473564
情景→行为,峰值=高 且 播报=无,行为=观望,0.036670486509011356,0.32,3.964481156427465,0.027420729715601236,1.3518871451070271
情景→行为,播报=无 且 速率=快,行为=观望,0.03658714449421815,0.3193307874158938,3.956190279304549,0.027339069474770467,1.3505580121404244
情景→行为,播报=晚 且 熟悉=高 且 进水=隧道,行为=就近出口,0.044775497447650796,0.6653250773993808,3.9243304768075804,0.03336578113750064,2.481397470577561
情景→行为,播报=无 且 熟悉=高 且 进水=风亭,行为=就近出口,0.036024585894364,0.6621983914209115,3.905888140131086,0.026801437508666766,2.458429697537938
情景→行为,水深=中 且 熟悉=高 且 进水=出入口,行为=就近出口,0.049130117720595896,0.6447908121410992,3.8032118752257658,0.03621205810876335,2.3379505226559636
情景→行为,峰值=低 且 水深=中 且 熟悉=高,行为=就近出口,0.038066465256797584,0.6417281348788199,3.785147085351967,0.028009665772278234,2.317964616412249
情景→行为,播报=无 且 熟悉=高 且 速率=慢,行为=就近出口,0.032607563287842485,0.6275060144346432,3.7012598209156566,0.023797708031646048,2.2294628600418216
情景→行为,播报=无 且 熟悉=高 且 行动=正常,行为=就近出口,0.07367434107719555,0.6207865168539326,3.661625768268956,0.05355367726833632,2.189957750228612
情景→行为,播报=无 且 熟悉=高 且 进水=出入口,行为=就近出口,0.03879570788623815,0.6194278110445774,3.653611624810679,0.02817725363598695,2.1821392379888054
情景→行为,播报=无 且 熟悉=高,行为=就近出口,0.0907386186061048,0.6183444554877182,3.6472215977796525,0.06585978517812102,2.175945085425565
情景→行为,峰值=高 且 进水=隧道,行为=观望,0.030503177414313992,0.2928585717143429,3.628225903311793,0.02209598937608541,1.299999154202325
情景→行为,播报=晚 且 熟悉=高 且 速率=快,行为=就近出口,0.032420043754557766,0.6073380171740828,3.582301601852046,0.023369983944463428,2.114952663433919
情景→行为,播报=晚 且 熟悉=高 且 结果=自救,行为=就近出口,0.06729867694551515,0.6017138599105812,3.5491282667332364,0.04833664686722226,2.0850876362920174
情景→行为,播报=晚 且 熟悉=高,行为=就近出口,0.0787582039795812,0.5894277249337283,3.476660152168402,0.05610479509506326,2.0226926094141895
情景→行为,播报=晚 且 熟悉=高 且 行动=正常,行为=就近出口,0.06292322116887175,0.5842522731669568,3.4461334460671122,0.044664142652721235,1.9975130417018874
情景→行为,峰值=中 且 熟悉=高 且 速率=中,行为=就近出口,0.030503177414313992,0.5260510240747395,3.102841206890392,0.020672452804051486,1.7522171132148985
情景→行为,峰值=中 且 熟悉=高,行为=就近出口,0.07532034586936139,0.5150306311440376,3.037838901531041,0.050526290519223936,1.7123999158255443
情景→行为,峰值=中 且 熟悉=高 且 行动=正常,行为=就近出口,0.06069382227315345,0.5132135306553911,3.0271209787151894,0.04064380686249949,1.7060077851486295
情景→行为,峰值=中 且 熟悉=高 且 结果=自救,行为=就近出口,0.057776851755391184,0.47596979059388944,2.807443787581876,0.037196973358197744,1.5847588392815921
情景→行为,进水=隧道 且 速率=快,行为=观望,0.030503177414313992,0.22526542545006925,2.790814169973173,0.019573328432428108,1.186578331303751
情景→行为,播报=无 且 水深=中 且 熟悉=低,行为=从众,0.1387227836232941,1.0,2.765644808113403,0.08856349230130961,inf
情景→行为,播报=无 且 熟悉=低 且 结果=自救,行为=从众,0.13382644025419316,1.0,2.765644808113403,0.08543756549283743,inf
情景→行为,峰值=高 且 熟悉=高 且 结果=自救,行为=就近出口,0.0480883425356808,0.46373317259393204,2.735267742244779,0.030507488642300816,1.5485975711454578
情景→行为,熟悉=低 且 行动=正常 且 速率=快,行为=观望,0.03400354203562871,0.21947283485745026,2.719049744187745,0.021497870850938232,1.1777722797192938
情景→行为,水深=中 且 熟悉=低 且 进水=隧道,行为=从众,0.09084279612459631,0.9795551561446866,2.7091016318522665,0.05731035309753819,31.226487878201585
情景→行为,熟悉=低 且 速率=快,行为=观望,0.04185852692988853,0.21702495408879766,2.6887229404986686,0.026290345359598073,1.1740901111387843
情景→行为,水深=中 且 熟悉=低 且 速率=中,行为=从众,0.09263464944265028,0.9514230686924887,2.631298270248703,0.057429727792359865,13.142466014952904
情景→行为,播报=晚 且 水深=中 且 熟悉=低,行为=从众,0.12328367538285238,0.9511332583185983,2.6304967576928155,0.0764166054948882,13.064522962918288
情景→行为,播报=早 且 速率=中,行为=跟随引导,0.1354307740389624,1.0,2.5762211486849167,0.08286122887080176,inf
情景→行为,播报=早 且 结果=自救 且 速率=中,行为=跟随引导,0.1346181893947286,1.0,2.5762211486849167,0.08236406149757694,inf
情景→行为,播报=早 且 行动=正常 且 速率=中,行为=跟随引导,0.10842796124596311,1.0,2.5762211486849167,0.06633997462210037,inf
情景→行为,播报=早 且 熟悉=低 且 速率=中,行为=跟随引导,0.07829982289821856,1.0,2.5762211486849167,0.04790653816868816,inf
情景→行为,播报=早 且 熟悉=高 且 速率=中,行为=跟随引导,0.057130951140743826,1.0,2.5762211486849167,0.0349546907021136,inf
情景→行为,峰值=低 且 播报=早 且 速率=中,行为=跟随引导,0.06250651109490572,1.0,2.5762211486849167,0.0382436440942162,inf
情景→行为,播报=早 且 进水=出入口 且 速率=中,行为=跟随引导,0.041671007396603815,1.0,2.5762211486849167,0.025495762729477466,inf
情景→行为,峰值=低 且 播报=早 且 进水=出入口,行为=跟随引导,0.06250651109490572,1.0,2.5762211486849167,0.0382436440942162,inf
情景→行为,播报=早 且 熟悉=低 且 进水=出入口,行为=跟随引导,0.07421606417335139,1.0,2.5762211486849167,0.04540795342119937,inf
情景→行为,峰值=高 且 播报=早 且 速率=中,行为=跟随引导,0.041671007396603815,1.0,2.5762211486849167,0.025495762729477466,inf
情景→行为,峰值=高 且 播报=早 且 熟悉=低,行为=跟随引导,0.051859568705073446,1.0,2.5762211486849167,0.03172947671683471,inf
情景→行为,峰值=高 且 播报=早 且 进水=风亭,行为=跟随引导,0.03125325554745286,1.0,2.5762211486849167,0.0191218220471081,inf
情景→行为,峰值=高 且 播报=早 且 速率=慢,行为=跟随引导,0.03125325554745286,1.0,2.5762211486849167,0.0191218220471081,inf
情景→行为,播报=早 且 水深=浅 且 行动=缓慢,行为=跟随引导,0.03414939056151683,1.0,2.5762211486849167,0.020893777556806784,inf
情景→行为,播报=早 且 行动=缓慢,行为=跟随引导,0.047234086884050425,1.0,2.5762211486849167,0.028899447053862708,inf
情景→行为,播报=早 且 结果=自救 且 行动=缓慢,行为=跟随引导,0.04610896968434212,1.0,2.5762211486849167,0.028211061460166813,inf
情景→行为,播报=早 且 水深=浅 且 速率=中,行为=跟随引导,0.11753307636212106,1.0,2.5762211486849167,0.07191079877849119,inf
情景→行为,峰值=高 且 水深=浅 且 熟悉=低,行为=跟随引导,0.04067090321908532,1.0,2.5762211486849167,0.024883864423970007,inf
情景→行为,峰值=低 且 播报=早 且 水深=浅,行为=跟随引导,0.09998958224815085,1.0,2.5762211486849167,0.06117708266938118,inf
情景→行为,播报=早 且 水深=浅 且 进水=隧道,行为=跟随引导,0.08355036983019065,1.0,2.5762211486849167,0.05111900427260232,inf
情景→行为,播报=早 且 水深=浅 且 熟悉=低,行为=跟随引导,0.1409105115116158,1.0,2.5762211486849167,0.08621392166972805,inf
情景→行为,播报=早 且 水深=浅 且 速率=慢,行为=跟随引导,0.06752786748619648,1.0,2.5762211486849167,0.04131588350311823,inf
情景→行为,播报=早 且 水深=浅 且 进水=风亭,行为=跟随引导,0.07402854464006667,1.0,2.5762211486849167,0.045293222488916714,inf
情景→行为,峰值=中 且 播报=早 且 水深=浅,行为=跟随引导,0.0732159599958329,1.0,2.5762211486849167,0.0447960551156919,inf
情景→行为,水深=干 且 结果=自救,行为=跟随引导,0.07254922387748723,1.0,2.5762211486849167,0.04438812291202027,inf
情景→行为,水深=干 且 结果=自救 且 行动=正常,行为=跟随引导,0.056193353474320244,1.0,2.5762211486849167,0.03438103604070036,inf
情景→行为,水深=干 且 熟悉=低 且 结果=自救,行为=跟随引导,0.046838212313782684,1.0,2.5762211486849167,0.02865723730793267,inf
情景→行为,峰值=低 且 水深=干 且 结果=自救,行为=跟随引导,0.042691947077820605,1.0,2.5762211486849167,0.02612040891634966,inf
情景→行为,峰值=低 且 播报=早 且 水深=干,行为=跟随引导,0.03692051255339098,1.0,2.5762211486849167,0.022589245778317037,inf
情景→行为,水深=干 且 结果=自救 且 速率=慢,行为=跟随引导,0.041671007396603815,1.0,2.5762211486849167,0.025495762729477466,inf
情景→行为,播报=早 且 水深=干 且 速率=慢,行为=跟随引导,0.03396187102823211,1.0,2.5762211486849167,0.020779046624524136,inf
情景→行为,播报=早 且 水深=干,行为=跟随引导,0.04990103135743307,1.0,2.5762211486849167,0.030531175868549264,inf
情景→行为,播报=早 且 水深=干 且 结果=自救,行为=跟随引导,0.04990103135743307,1.0,2.5762211486849167,0.030531175868549264,inf
情景→行为,播报=早 且 水深=干 且 行动=正常,行为=跟随引导,0.03871236587144494,1.0,2.5762211486849167,0.023685563575684566,inf
情景→行为,播报=早 且 水深=干 且 熟悉=低,行为=跟随引导,0.032503385769350975,1.0,2.5762211486849167,0.01988669492899242,inf
情景→行为,播报=早 且 熟悉=低 且 速率=快,行为=跟随引导,0.053922283571205334,1.0,2.5762211486849167,0.03299151697194384,inf
情景→行为,峰值=低 且 播报=早 且 速率=快,行为=跟随引导,0.041671007396603815,1.0,2.5762211486849167,0.025495762729477466,inf
情景→行为,播报=早 且 进水=风亭 且 速率=快,行为=跟随引导,0.03125325554745286,1.0,2.5762211486849167,0.0191218220471081,inf
情景→行为,播报=早 且 进水=隧道,行为=跟随引导,0.10417751849150954,1.0,2.5762211486849167,0.06373940682369367,inf
情景→行为,播报=早 且 行动=正常 且 进水=隧道,行为=跟随引导,0.08363371184498385,1.0,2.5762211486849167,0.051169995798061266,inf
情景→行为,播报=早 且 熟悉=低 且 进水=隧道,行为=跟随引导,0.055609959370767785,1.0,2.5762211486849167,0.034024095362487676,inf
情景→行为,播报=早 且 结果=自救 且 进水=隧道,行为=跟随引导,0.10311490780289613,1.0,2.5762211486849167,0.06308926487409199,inf
情景→行为,播报=早 且 熟悉=高 且 进水=隧道,行为=跟随引导,0.048567559120741746,1.0,2.5762211486849167,0.029715311461205988,inf
情景→行为,播报=早 且 进水=隧道 且 速率=中,行为=跟随引导,0.05208875924575477,1.0,2.5762211486849167,0.031869703411846834,inf
情景→行为,峰值=低 且 播报=早 且 进水=隧道,行为=跟随引导,0.05208875924575477,1.0,2.5762211486849167,0.031869703411846834,inf
情景→行为,播报=早 且 进水=隧道 且 速率=慢,行为=跟随引导,0.03125325554745286,1.0,2.5762211486849167,0.0191218220471081,inf
情景→行为,播报=早 且 速率=慢,行为=跟随引导,0.10417751849150954,1.0,2.5762211486849167,0.06373940682369367,inf
情景→行为,播报=早 且 结果=自救 且 速率=慢,行为=跟随引导,0.103864985936035,1.0,2.5762211486849167,0.06354818860322259,inf
情景→行为,播报=早 且 行动=正常 且 速率=慢,行为=跟随引导,0.08352953432649235,1.0,2.5762211486849167,0.05110625639123758,inf
情景→行为,播报=早 且 熟悉=低 且 速率=慢,行为=跟随引导,0.061756432961766854,1.0,2.5762211486849167,0.03778472036508561,inf
情景→行为,播报=早 且 熟悉=高 且 速率=慢,行为=跟随引导,0.042421085529742684,1.0,2.5762211486849167,0.025954686458608062,inf
情景→行为,峰值=低 且 播报=早 且 速率=慢,行为=跟随引导,0.041671007396603815,1.0,2.5762211486849167,0.025495762729477466,inf
情景→行为,播报=早 且 进水=风亭 且 速率=慢,行为=跟随引导,0.03125325554745286,1.0,2.5762211486849167,0.0191218220471081,inf
情景→行为,播报=早 且 进水=出入口 且 速率=慢,行为=跟随引导,0.041671007396603815,1.0,2.5762211486849167,0.025495762729477466,inf
情景→行为,播报=早 且 熟悉=低,行为=跟随引导,0.19397853943119076,1.0,2.5762211486849167,0.1186827755057176,inf
情景→行为,播报=早 且 熟悉=低 且 结果=自救,行为=跟随引导,0.18979060318783206,1.0,2.5762211486849167,0.11612045135140511,inf
情景→行为,播报=早 且 熟悉=低 且 行动=正常,行为=跟随引导,0.15380768830086466,1.0,2.5762211486849167,0.09410486023450132,inf
情景→行为,播报=早 且 水深=中,行为=跟随引导,0.030690696947598708,1.0,2.5762211486849167,0.018777629250260153,inf
情景→行为,峰值=低 且 播报=早 且 熟悉=高,行为=跟随引导,0.05942285654755704,1.0,2.5762211486849167,0.036356957652234866,inf
情景→行为,峰值=低 且 播报=早,行为=跟随引导,0.14584852588811334,1.0,2.5762211486849167,0.08923516955317112,inf
情景→行为,峰值=低 且 播报=早 且 结果=自救,行为=跟随引导,0.14491092822168977,1.0,2.5762211486849167,0.08866151489175789,inf
情景→行为,峰值=低 且 播报=早 且 行动=正常,行为=跟随引导,0.11674132722158558,1.0,2.5762211486849167,0.07142637928663112,inf
情景→行为,峰值=低 且 播报=早 且 熟悉=低,行为=跟随引导,0.0864256693405563,1.0,2.5762211486849167,0.05287821190093626,inf
情景→行为,播报=早 且 进水=风亭,行为=跟随引导,0.10417751849150954,1.0,2.5762211486849167,0.06373940682369367,inf
情景→行为,播报=早 且 结果=自救 且 进水=风亭,行为=跟随引导,0.0994270236482967,1.0,2.5762211486849167,0.060832889872533234,inf
情景→行为,播报=早 且 行动=正常 且 进水=风亭,行为=跟随引导,0.08332117928950933,1.0,2.5762211486849167,0.050978777577590194,inf
情景→行为,播报=早 且 熟悉=低 且 进水=风亭,行为=跟随引导,0.06415251588707158,1.0,2.5762211486849167,0.03925072672203056,inf
情景→行为,播报=早 且 熟悉=高 且 进水=风亭,行为=跟随引导,0.04002500260443796,1.0,2.5762211486849167,0.024488680101663107,inf
情景→行为,峰值=低 且 播报=早 且 进水=风亭,行为=跟随引导,0.03125325554745286,1.0,2.5762211486849167,0.0191218220471081,inf
情景→行为,播报=早 且 进水=风亭 且 速率=中,行为=跟随引导,0.041671007396603815,1.0,2.5762211486849167,0.025495762729477466,inf
情景→行为,峰值=中 且 播报=早,行为=跟随引导,0.09375976664235858,1.0,2.5762211486849167,0.057365466141324296,inf
情景→行为,峰值=中 且 播报=早 且 结果=自救,行为=跟随引导,0.08794666111053234,1.0,2.5762211486849167,0.05380880724056219,inf
情景→行为,峰值=中 且 播报=早 且 行动=正常,行为=跟随引导,0.07517449734347328,1.0,2.5762211486849167,0.04599435596397735,inf
情景→行为,峰值=中 且 播报=早 且 熟悉=低,行为=跟随引导,0.05569330138556099,1.0,2.5762211486849167,0.03407508688794663,inf
情景→行为,峰值=中 且 播报=早 且 进水=风亭,行为=跟随引导,0.041671007396603815,1.0,2.5762211486849167,0.025495762729477466,inf
情景→行为,峰值=中 且 播报=早 且 速率=中,行为=跟随引导,0.03125325554745286,1.0,2.5762211486849167,0.0191218220471081,inf
情景→行为,峰值=中 且 播报=早 且 熟悉=高,行为=跟随引导,0.038066465256797584,1.0,2.5762211486849167,0.023290379253377666,inf
情景→行为,峰值=中 且 播报=早 且 进水=隧道,行为=跟随引导,0.03125325554745286,1.0,2.5762211486849167,0.0191218220471081,inf
情景→行为,峰值=中 且 播报=早 且 速率=慢,行为=跟随引导,0.03125325554745286,1.0,2.5762211486849167,0.0191218220471081,inf
情景→行为,峰值=中 且 播报=早 且 速率=快,行为=跟随引导,0.03125325554745286,1.0,2.5762211486849167,0.0191218220471081,inf
情景→行为,播报=早 且 行动=正常,行为=跟随引导,0.26690280237524744,0.9999219420810241,2.5760200542232288,0.1632922726599696,7838.212626317248
情景→行为,播报=早 且 结果=自救 且 行动=正常,行为=跟随引导,0.26144390040629234,0.9999203123754881,2.5760158557413604,0.15995232774240806,7677.9119699945795
情景→行为,播报=早 且 水深=浅 且 行动=正常,行为=跟随引导,0.20004167100739662,0.9998958550302021,2.575952848211194,0.12238432136052302,5874.835503699537
情景→行为,播报=早,行为=跟随引导,0.3333472236691322,0.9998750078120118,2.575899141166801,0.20393717870978786,4894.982446089082
情景→行为,播报=早 且 结果=自救,行为=跟随引导,0.32636732993020107,0.9998723349929785,2.575892255393881,0.19966663845260038,4792.500156267267
情景→行为,播报=早 且 水深=浅,行为=跟随引导,0.24831753307636212,0.9998322147651006,2.575788896814332,0.1519130748602891,3646.53401395925
情景→行为,播报=早 且 水深=浅 且 结果=自救,行为=跟随引导,0.2480466715282842,0.9998320315780633,2.575788424884012,0.1517473524025475,3642.557089280248
情景→行为,播报=早 且 熟悉=高 且 行动=正常,行为=跟随引导,0.11309511407438275,0.9998158040154724,2.575746619094074,0.06918741242546828,3321.649859359784
情景→行为,播报=早 且 行动=正常 且 进水=出入口,行为=跟随引导,0.09994791124075425,0.9997915798249271,2.575684212222081,0.06114349928431814,2935.582248150905
情景→行为,峰值=高 且 播报=早 且 行动=正常,行为=跟随引导,0.07498697781018857,0.9997222222222222,2.5755055316991706,0.04587153740936114,2202.6044379619434
情景→行为,播报=早 且 行动=正常 且 速率=快,行为=跟随引导,0.07494530680279196,0.999722067815453,2.5755051339131865,0.045846041646631655,2201.3807688300944
情景→行为,播报=早 且 熟悉=高,行为=跟随引导,0.13936868423794146,0.999701091017785,2.5754510930434025,0.08525440320407027,2046.8925408893535
情景→行为,播报=早 且 熟悉=高 且 结果=自救,行为=跟随引导,0.136576726742369,0.9996949824614916,2.5754353560514915,0.08354618710119527,2005.8996249612042
情景→行为,播报=早 且 进水=出入口,行为=跟随引导,0.12499218668611314,0.9996667222129645,2.575362551401569,0.07645836506240053,1835.8096155848523
情景→行为,播报=早 且 结果=自救 且 进水=出入口,行为=跟随引导,0.12382539847900823,0.9996635828427249,2.5753544636895644,0.07574448370597515,1818.6782477339304
情景→行为,播报=早 且 水深=浅 且 熟悉=高,行为=跟随引导,0.10740702156474632,0.9996121776226489,2.5752220324744513,0.06569915319056104,1577.6154286906542
情景→行为,峰值=高 且 播报=早,行为=跟随引导,0.09373893113866028,0.9995556542990447,2.5750764158927884,0.05733654301529243,1376.9336910095942
情景→行为,播报=早 且 速率=快,行为=跟随引导,0.09373893113866028,0.9995556542990447,2.5750764158927884,0.05733654301529243,1376.9336910095942
情景→行为,峰值=高 且 播报=早 且 结果=自救,行为=跟随引导,0.09350974059797895,0.999554565701559,2.5750736114249233,0.0571963163202803,1373.5686008958141
情景→行为,播报=早 且 水深=浅 且 进水=出入口,行为=跟随引导,0.0907386186061048,0.9995409685563461,2.575038582171864,0.05550084809877005,1332.8816022502351
情景→行为,播报=早 且 结果=自救 且 速率=快,行为=跟随引导,0.08788415459943744,0.999526066350711,2.575000190794545,0.053754388351800846,1290.9709344724788
情景→行为,峰值=高 且 播报=早 且 水深=浅,行为=跟随引导,0.07511199083237838,0.9994455225949542,2.57479269226757,0.04593993707521601,1103.4436399624403
情景→行为,播报=早 且 水深=浅 且 速率=快,行为=跟随引导,0.06325658922804459,0.9993416721527321,2.574525150562017,0.03868639257867966,929.3767059068693
情景→行为,峰值=低 且 播报=晚 且 速率=慢,行为=跟随引导,0.03125325554745286,0.9993337774816788,2.5745048121434877,0.019113734424774535,918.3636837170006
情景→行为,播报=早 且 熟悉=高 且 进水=出入口,行为=跟随引导,0.05077612251276174,0.999179991799918,2.5741086262177704,0.03105041164120116,746.132253359735
情景→行为,峰值=高 且 播报=早 且 熟悉=高,行为=跟随引导,0.04187936243358683,0.9990059642147118,2.5736602926723076,0.025607066298457725,615.5055734972658
情景→行为,峰值=高 且 播报=早 且 进水=出入口,行为=跟随引导,0.04165017189290551,0.999000499750125,2.573646215003073,0.0254668396034456,612.1404833836924
情景→行为,播报=早 且 进水=出入口 且 速率=快,行为=跟随引导,0.04165017189290551,0.999000499750125,2.573646215003073,0.0254668396034456,612.1404833836924
情景→行为,播报=早 且 熟悉=高 且 速率=快,行为=跟随引导,0.03981664756745494,0.9989545216936748,2.5735277653616704,0.024345026043348587,585.2197624752398
情景→行为,播报=无 且 熟悉=低 且 速率=慢,行为=从众,0.05821439733305553,0.9297836938435939,2.5714514455470376,0.03557566641948337,9.092199572526553
情景→行为,峰值=低 且 播报=无 且 熟悉=低,行为=从众,0.0579227002812793,0.9279038718291054,2.56625252555249,0.03535177255513548,8.855131128628358
情景→行为,峰值=高 且 水深=中 且 熟悉=低,行为=从众,0.09267632045004688,0.9268597624505105,2.5633648898704764,0.056522154175759766,8.728720198477461
情景→行为,峰值=高 且 熟悉=低 且 行动=正常,行为=观望,0.033628502969059275,0.20652591170825335,2.55865026650429,0.020485439452604712,1.158554856721136
情景→行为,峰值=中 且 水深=中 且 熟悉=低,行为=从众,0.09990624023335765,0.9247830279652844,2.5576213799235807,0.060844070587144125,8.487720943153798
情景→行为,峰值=中 且 播报=无 且 熟悉=低,行为=从众,0.056089175955828734,0.924133196017851,2.5558241755720155,0.03414354429152401,8.41501994693075
情景→行为,播报=无 且 熟悉=低 且 速率=中,行为=从众,0.05223460777164288,0.9233885819521178,2.5537648375470723,0.031780646230761544,8.333231326179806
情景→行为,水深=中 且 熟悉=低 且 速率=慢,行为=从众,0.09232211688717575,0.9233173577828714,2.5535678567931837,0.05616795061288863,8.325491276265186
情景→行为,播报=晚 且 熟悉=低 且 速率=中,行为=从众,0.053255547452859674,0.9224106820642368,2.5510603137992995,0.03237969941242425,8.228203131624669
情景→行为,峰值=高 且 水深=浅 且 速率=中,行为=跟随引导,0.037128867590373996,0.9889012208657046,2.547628239154562,0.022554972145293155,55.12629440566662
情景→行为,峰值=高 且 熟悉=低,行为=观望,0.041483487863319096,0.20553318880974503,2.5463514189271326,0.025192143489180217,1.157107189028483
情景→行为,水深=中 且 熟悉=低 且 行动=正常,行为=从众,0.2120637566413168,0.9152877697841727,2.531360868433293,0.12828915172986177,7.536345899442377
情景→行为,水深=中 且 熟悉=低,行为=从众,0.2620064590061465,0.9152110625909754,2.5311487235826817,0.1584935928655537,7.529527888053445
情景→行为,水深=中 且 熟悉=低 且 结果=自救,行为=从众,0.24069173872278363,0.9150823827629913,2.5307928408845086,0.14558646782330448,7.5181180253540205
情景→行为,水深=中 且 熟悉=低 且 行动=缓慢,行为=从众,0.03517033024273362,0.9149051490514906,2.530302675390474,0.021270676819924755,7.5024594520528
情景→行为,水深=浅 且 熟悉=低 且 速率=中,行为=跟随引导,0.06763204500468799,0.9783001808318263,2.5203176156212295,0.04079731410192537,28.195376254470883
情景→行为,水深=中 且 熟悉=低 且 进水=风亭,行为=从众,0.097239295759975,0.9095692847398168,2.515545569960096,0.0585839452383315,7.059776835589914
情景→行为,水深=浅 且 进水=风亭 且 速率=中,行为=跟随引导,0.032211688717574745,0.9741650913673597,2.5096647106911663,0.01937663207420999,23.682474546383077
情景→行为,熟悉=高 且 行动=正常 且 速率=中,行为=就近出口,0.04885925617251797,0.4239739649249683,2.500753403781965,0.02932144164885217,1.4417082837214876
情景→行为,熟悉=高 且 速率=中,行为=就近出口,0.05938118554016043,0.4218472468916519,2.488209243525234,0.035516156626422206,1.4364050018651138
情景→行为,峰值=高 且 水深=浅 且 结果=自救,行为=跟随引导,0.07511199083237838,0.963903743315508,2.483229208825969,0.04486428330485211,16.95008353493611
情景→行为,熟悉=高 且 结果=自救 且 进水=隧道,行为=就近出口,0.05238045629753099,0.4208235687981252,2.4821712159845175,0.03127777975361859,1.4338661963222326
情景→行为,行动=正常 且 速率=快,行为=观望,0.0535889155120325,0.200233553912028,2.4806942230273057,0.031986528964513775,1.1494396434976968
情景→行为,熟悉=高 且 进水=风亭,行为=就近出口,0.052047088238358165,0.41962035948261384,2.475074247679495,0.031018592512561293,1.4308935883184888
情景→行为,峰值=中 且 播报=晚 且 熟悉=低,行为=从众,0.06296489217626836,0.8914454277286135,2.4654214189140715,0.03742569157826183,5.881103443746399
情景→行为,峰值=高 且 行动=正常,行为=观望,0.0535055734972393,0.19891556932610382,2.4643657072293115,0.03179387164216209,1.1475485273124704
情景→行为,熟悉=高 且 结果=自救 且 速率=快,行为=就近出口,0.04054589019689551,0.41750697275262816,2.4626087203222795,0.0240812809951587,1.4257020557505127
情景→行为,熟悉=高 且 进水=隧道,行为=就近出口,0.06069382227315345,0.41691713181623014,2.4591296228978696,0.036012804360144424,1.4242598294710682
情景→行为,峰值=高 且 水深=浅 且 行动=正常,行为=跟随引导,0.060631315762058546,0.9534731323722149,2.4563576483201532,0.03594789240002374,13.150134477036174
情景→行为,熟悉=高 且 结果=自救 且 速率=中,行为=就近出口,0.0546098551932493,0.4159657197270275,2.4535178466632277,0.03235207733868083,1.4219396608342354
情景→行为,峰值=低 且 水深=中 且 熟悉=低,行为=从众,0.06942389832274196,0.8871139510117146,2.4534420928205165,0.041127368102649775,5.65544347190254
情景→行为,水深=浅 且 行动=正常 且 速率=中,行为=跟随引导,0.09461402229398895,0.9503976559229802,2.448434540849352,0.055971362784224106,12.334791379024594
情景→行为,熟悉=高 且 行动=正常 且 进水=风亭,行为=就近出口,0.041754349411397024,0.41507870753935383,2.448285924585386,0.02469982608464626,1.4197833402735827
情景→行为,播报=无 且 熟悉=低 且 进水=出入口,行为=从众,0.05519324929680175,0.8850651520213831,2.447775842530038,0.03264492263313404,5.554630993538567
情景→行为,熟悉=高 且 行动=正常 且 进水=隧道,行为=就近出口,0.04863006563183665,0.41478585391860673,2.4465585668948666,0.028753138796785586,1.4190728504560353
情景→行为,峰值=高,行为=观望,0.06579852067923742,0.1973996749593699,2.445585286441651,0.03889350082815103,1.1453811193338868
情景→行为,速率=快,行为=观望,0.06571517866444421,0.1971619678689754,2.4426403324397197,0.03881184058732026,1.1450419908890785
情景→行为,峰值=高 且 水深=浅,行为=跟随引导,0.07511199083237838,0.9474375821287779,2.4408087361390605,0.0443385878531705,11.640152620064592
情景→行为,水深=浅 且 速率=中,行为=跟随引导,0.11753307636212106,0.9472712006717044,2.4403801007105987,0.06937128536575235,11.603423060921287
情景→行为,水深=浅 且 结果=自救 且 速率=中,行为=跟随引导,0.11753307636212106,0.9472712006717044,2.4403801007105987,0.06937128536575235,11.603423060921287
情景→行为,熟悉=高 且 结果=自救 且 进水=风亭,行为=就近出口,0.04294197312220023,0.41162372678250453,2.4279071853172303,0.025255146631512355,1.4114462873657283
情景→行为,水深=浅 且 进水=出入口 且 速率=中,行为=跟随引导,0.037670590686529844,0.9416666666666667,2.4259415816782965,0.022142355806088553,10.488592561725177
情景→行为,峰值=低 且 水深=干 且 速率=慢,行为=跟随引导,0.031857485154703616,0.9391891891891891,2.4195590518054284,0.01869083599566277,10.061279531432664
情景→行为,水深=浅 且 进水=隧道 且 速率=中,行为=跟随引导,0.04765079695801646,0.9342320261437909,2.406788303530394,0.02785229748545381,9.302925576486683
情景→行为,水深=中 且 熟悉=低 且 速率=快,行为=从众,0.07704969267632045,0.866447985004686,2.3962873712285298,0.04489591446030515,4.780314762319905
情景→行为,熟悉=高 且 结果=自救,行为=就近出口,0.14564017085113032,0.4054054054054054,2.391229253094805,0.0847341867583721,1.39668526077527
情景→行为,熟悉=高 且 速率=快,行为=就近出口,0.05673507657047609,0.4040059347181009,2.3829746634871887,0.03292656637530208,1.3934056642227093
情景→行为,熟悉=高 且 结果=自救 且 行动=正常,行为=就近出口,0.11728305031774143,0.40394689630426983,2.382626433344406,0.06805877886822365,1.393267648902046
情景→行为,熟悉=高,行为=就近出口,0.16953849359308262,0.4038814711867772,2.3822405320891447,0.0983708296610098,1.3931147351856923
情景→行为,峰值=低 且 水深=浅 且 速率=中,行为=跟随引导,0.05781852276278779,0.9243837441705529,2.381416951232726,0.033539480517431136,8.091309988696503
情景→行为,熟悉=高 且 行动=正常,行为=就近出口,0.1366183977497656,0.402418068000491,2.3736088452357826,0.07906114773193691,1.3897031719620325
情景→行为,熟悉=高 且 行动=正常 且 速率=快,行为=就近出口,0.04519220752161684,0.4009983361064892,2.3652347476257773,0.026085348227003154,1.386409348195993
情景→行为,水深=中 且 熟悉=低 且 进水=出入口,行为=从众,0.07392436712157516,0.8532948532948532,2.359910480804799,0.04259929452968397,4.351726460577346
情景→行为,水深=浅 且 熟悉=低 且 进水=隧道,行为=跟随引导,0.04465048442546098,0.9158119658119658,2.359334154543494,0.025725448164923156,7.2674765719567835
情景→行为,水深=浅 且 熟悉=高 且 速率=中,行为=跟随引导,0.04990103135743307,0.9082290481607889,2.339798881721796,0.028573971263826978,6.666974176889989
情景→行为,播报=无 且 熟悉=低 且 进水=风亭,行为=从众,0.07727888321700177,0.8452597994530537,2.3376883758643143,0.04422106250194199,4.125758313373646
情景→行为,水深=浅 且 熟悉=低,行为=跟随引导,0.15372434628607146,0.9057205990670266,2.3333365621160462,0.08784257475686584,6.489589030541366
情景→行为,水深=浅 且 熟悉=低 且 结果=自救,行为=跟随引导,0.15357849776018334,0.9056395134537412,2.3331276676442463,0.08775333958731267,6.484012413402432
情景→行为,水深=浅 且 熟悉=低 且 行动=正常,行为=跟随引导,0.12324200437545578,0.9052647689011325,2.332162242802461,0.070397480047954,6.458363578193135
情景→行为,播报=无 且 熟悉=低 且 行动=正常,行为=从众,0.12709657255964163,0.8426578256665286,2.3304922405707638,0.07256020880478345,4.057530484271803
情景→行为,水深=浅 且 熟悉=低 且 进水=风亭,行为=跟随引导,0.054943223252422124,0.9018467852257182,2.323356760971999,0.0312950155490834,6.233464359854555
情景→行为,水深=浅 且 熟悉=低 且 进水=出入口,行为=跟随引导,0.054130638608188356,0.9014573213046496,2.3223534157818926,0.03082211104285929,6.208828237683213
情景→行为,峰值=中 且 水深=浅 且 熟悉=低,行为=跟随引导,0.043442025210959474,0.9014267185473411,2.3222745763113064,0.024735354753427852,6.206900663994606
情景→行为,播报=无 且 熟悉=低,行为=从众,0.156453797270549,0.8386196113468841,2.31932397410359,0.08899715946684682,3.9559990786237478
情景→行为,水深=浅 且 熟悉=低 且 速率=快,行为=跟随引导,0.03573288884258777,0.8983761131482452,2.3144155421658628,0.02029361780781567,6.020578281887182
情景→行为,峰值=高 且 熟悉=高,行为=就近出口,0.0513386811126159,0.3904294089684678,2.302895352518325,0.029045579058944802,1.362371345706799
情景→行为,峰值=高 且 水深=浅 且 熟悉=高,行为=跟随引导,0.03444108761329305,0.8920669185105234,2.2981616615089946,0.019454723429200488,5.668647254922386
情景→行为,峰值=高 且 熟悉=高 且 行动=正常,行为=就近出口,0.04131680383373268,0.38920510304219824,2.2956739486924302,0.02331912439094164,1.3596405447118394
情景→行为,水深=浅 且 结果=自救 且 进水=风亭,行为=跟随引导,0.09067611209500989,0.8901615872366537,2.293253106786001,0.05113572650621954,5.570315072003738
情景→行为,水深=浅 且 进水=风亭,行为=跟随引导,0.09094697364308782,0.8882783882783882,2.2884015698025357,0.051204397495958384,5.47642087034339
情景→行为,水深=浅 且 行动=正常 且 进水=风亭,行为=跟随引导,0.07332013751432441,0.8875157629255991,2.286436878240157,0.04125271496174643,5.439291602217537
情景→行为,熟悉=高 且 结果=自救 且 速率=慢,行为=就近出口,0.05048442546098552,0.385828025477707,2.2757547109257152,0.02830082842453258,1.352164443929334
情景→行为,熟悉=高 且 结果=自救 且 进水=出入口,行为=就近出口,0.0503177414313991,0.38572113080977477,2.2751242071052156,0.028201260373241162,1.3519291449853639
情景→行为,熟悉=高 且 速率=慢,行为=就近出口,0.05342223148244609,0.3855059389565479,2.273854926904205,0.0299281066592855,1.3514557081263536
情景→行为,熟悉=高 且 行动=正常 且 速率=慢,行为=就近出口,0.04256693405563079,0.38158386253268584,2.250721086672761,0.02365435785608158,1.3428845984000712
情景→行为,熟悉=高 且 行动=正常 且 进水=出入口,行为=就近出口,0.04623398270653193,0.3800308271964377,2.2415607166391824,0.025608182850505062,1.3395206452790027
情景→行为,水深=浅 且 熟悉=高 且 进水=风亭,行为=跟随引导,0.036003750390665695,0.8683417085427135,2.2370402738329327,0.019909381946874978,4.6471404066422295
情景→行为,水深=浅 且 结果=自救 且 行动=正常,行为=跟随引导,0.2174393165954787,0.868291871203927,2.2369118818267566,0.1202341837683829,4.6453819646010945
情景→行为,水深=浅 且 结果=自救 且 行动=缓慢,行为=跟随引导,0.03706636107927909,0.8682284040995607,2.2367483765302425,0.020494822917808145,4.643144540519265
情景→行为,水深=浅 且 结果=自救,行为=跟随引导,0.2699031149078029,0.866198595787362,2.2315191414285795,0.14895272290936562,4.572706614710144
情景→行为,熟悉=高 且 进水=出入口,行为=就近出口,0.056797583081571,0.3782433744970168,2.231017667320182,0.03133943278830406,1.335669733692179
情景→行为,峰值=低 且 水深=浅 且 进水=风亭,行为=跟随引导,0.036191269923950414,0.8650398406374503,2.2285339319052295,0.01995132427815556,4.533445788671871
情景→行为,水深=浅 且 行动=缓慢,行为=跟随引导,0.03708719658297739,0.8649173955296404,2.2282184862289367,0.02044286982050438,4.5293364641550635
情景→行为,水深=浅 且 行动=正常,行为=跟随引导,0.21766850713616,0.8646747227280253,2.227593307425205,0.11995385410204976,4.521214206500234
情景→行为,水深=浅 且 结果=自救 且 进水=隧道,行为=跟随引导,0.08355036983019065,0.8640379228614523,2.2259527701414603,0.04601571458012396,4.500038385535737
情景→行为,水深=浅,行为=跟随引导,0.2701739764558808,0.8625690148340318,2.2221685382157466,0.14859274991542565,4.451940480247267
情景→行为,水深=浅 且 行动=正常 且 进水=隧道,行为=跟随引导,0.06706948640483383,0.8616167023554603,2.219715170668294,0.036854129366641813,4.4213035569670645
情景→行为,峰值=低 且 水深=浅 且 熟悉=低,行为=跟随引导,0.06961141785602667,0.8608606029373874,2.2177672913569464,0.038223355579468,4.397277687104757
情景→行为,峰值=低 且 水深=干,行为=跟随引导,0.042691947077820605,0.8598405371380613,2.2151393762716722,0.02341914305693956,4.365274763526391
情景→行为,水深=浅 且 进水=隧道,行为=跟随引导,0.08355036983019065,0.8586723768736617,2.2121299370934726,0.04578117353245063,4.329193066196922
情景→行为,峰值=低 且 水深=干 且 行动=正常,行为=跟随引导,0.033628502969059275,0.8539682539682539,2.200011076178548,0.018342896758624876,4.1897367026456545
情景→行为,播报=晚 且 熟悉=低 且 进水=隧道,行为=从众,0.0787373684758829,0.7925755033557047,2.1919823258935716,0.04281674651384895,3.0778460555431555
情景→行为,播报=无 且 结果=自救 且 速率=中,行为=就近出口,0.03037816439212418,0.3714649681528662,2.191036149256091,0.016513416244341092,1.3212652665776858
情景→行为,水深=浅 且 行动=正常 且 进水=出入口,行为=跟随引导,0.07727888321700177,0.8466103629308377,2.181055521678237,0.04184700977366151,3.9887607650102437
情景→行为,水深=浅 且 结果=自救 且 进水=出入口,行为=跟随引导,0.09567663298260236,0.8464516129032259,2.1806465464997493,0.05180128182302214,3.9846368800671663
情景→行为,播报=晚 且 熟悉=低 且 结果=自救,行为=从众,0.12286696530888634,0.7884743949725899,2.1806401167862997,0.0665225165559392,3.0181720493693436
情景→行为,水深=干 且 速率=慢,行为=跟随引导,0.041671007396603815,0.8428150021070376,2.171277832857073,0.022479079599058406,3.8924488615464052
情景→行为,水深=浅 且 进水=出入口,行为=跟随引导,0.09567663298260236,0.842723435492751,2.1710419370088343,0.05160717888701662,3.8901826729082414
情景→行为,水深=干 且 行动=正常 且 速率=慢,行为=跟随引导,0.03300343785811022,0.8425531914893617,2.170603350806866,0.017798707871011454,3.8859762982067387
情景→行为,播报=无 且 水深=中 且 进水=出入口,行为=就近出口,0.033378476924679656,0.36759981642955486,2.168238071713959,0.0179841909557526,1.3131898566478033
情景→行为,峰值=中 且 水深=浅 且 行动=正常,行为=跟随引导,0.05915199499947911,0.8367226643088711,2.155582623376504,0.03171069242169926,3.747210618735478
情景→行为,水深=浅 且 结果=自救 且 速率=快,行为=跟随引导,0.06298572767996666,0.8353136225476651,2.1519526201919046,0.03371662245480153,3.715149823352683
情景→行为,峰值=中 且 水深=浅,行为=跟随引导,0.0732159599958329,0.8342830009496677,2.1492975110348524,0.03915089472686481,3.6920446882748963
情景→行为,峰值=中 且 水深=浅 且 结果=自救,行为=跟随引导,0.07294509844775497,0.8337699452250535,2.1479757660266476,0.0389851722691232,3.6806494886197245
情景→行为,峰值=低 且 水深=浅,行为=跟随引导,0.12184602562766955,0.8335233751425314,2.1473405469654208,0.06510326733539032,3.6751980443168315
情景→行为,峰值=低 且 水深=浅 且 结果=自救,行为=跟随引导,0.12184602562766955,0.8335233751425314,2.1473405469654208,0.06510326733539032,3.6751980443168315
情景→行为,峰值=低 且 水深=浅 且 行动=正常,行为=跟随引导,0.09788519637462235,0.8334220329962746,2.147079467184981,0.052295269280326746,3.672962139626498
情景→行为,水深=浅 且 熟悉=低 且 速率=慢,行为=跟随引导,0.05035941243879571,0.828023295649195,2.1331711258552395,0.026751642847124803,3.557659558660867
情景→行为,峰值=低 且 水深=浅 且 速率=快,行为=跟随引导,0.030128138347744558,0.8277046365197482,2.132350189466737,0.015999062131009694,3.551079690956182
情景→行为,水深=浅 且 进水=风亭 且 速率=慢,行为=跟随引导,0.03633711844983852,0.8249763481551561,2.125321515282164,0.019239884836685973,3.495725061450657
情景→行为,水深=浅 且 行动=正常 且 速率=快,行为=跟随引导,0.05102614855714137,0.8226402418542157,2.119303188824105,0.0269492968701238,3.449680877427258
情景→行为,峰值=低 且 水深=浅 且 进水=隧道,行为=跟随引导,0.03898322741952287,0.8224175824175826,2.1187295688744965,0.020583886610666652,3.4453555393043236
情景→行为,播报=无 且 结果=自救 且 进水=出入口,行为=就近出口,0.03398270653193041,0.35901386748844377,2.117595006772503,0.017934922879604662,1.2955998020627149
情景→行为,水深=浅 且 速率=快,行为=跟随引导,0.06325658922804459,0.8212063835542331,2.115609252747473,0.03335664946086153,3.422015719930483
情景→行为,峰值=低 且 水深=浅 且 进水=出入口,行为=跟随引导,0.04667152828419627,0.8196121478229051,2.1115021489404366,0.024568056446568114,3.3917725540629533
情景→行为,水深=浅 且 熟悉=高 且 结果=自救,行为=跟随引导,0.11632461714761955,0.8191021126760563,2.1101881856085516,0.06119938332205295,3.3822095722156766
情景→行为,水深=浅 且 熟悉=高 且 行动=正常,行为=跟随引导,0.09442650276070425,0.816870944484499,2.104440202927189,0.049556374054095756,3.341002138510165
情景→行为,水深=浅 且 熟悉=高,行为=跟随引导,0.11644963016980936,0.8115289676201539,2.0906780891534775,0.06075017515855978,3.24630559070499
情景→行为,峰值=低 且 播报=无 且 进水=风亭,行为=从众,0.038920720908427964,0.7472,2.066489800622335,0.020086502178334655,2.5253982152676766
情景→行为,水深=浅 且 熟悉=高 且 进水=隧道,行为=跟随引导,0.03889988540472966,0.8012875536480687,2.0642939418861546,0.020055725367527467,3.078994684696503
情景→行为,峰值=低 且 水深=浅 且 熟悉=高,行为=跟随引导,0.05223460777164288,0.7996810207336522,2.0601551578159762,0.026879911755922324,3.0543015361870878
情景→行为,峰值=低 且 水深=中 且 进水=风亭,行为=从众,0.03398270653193041,0.744408945686901,2.05877073575215,0.017476397236876638,2.497820866756954
情景→行为,水深=浅 且 行动=正常 且 速率=慢,行为=跟随引导,0.07202833628502969,0.798936907788306,2.058238158309165,0.03703319444770184,3.0429978936982174
情景→行为,峰值=低 且 播报=无 且 结果=自救,行为=从众,0.06588186269403062,0.7434751939807194,2.056188310193882,0.03384108979039589,2.488728785050458
情景→行为,峰值=高 且 播报=晚 且 水深=中,行为=从众,0.05833941035524534,0.7429026266914301,2.0546047924429636,0.02994494219775667,2.483186275316132
情景→行为,水深=浅 且 速率=慢,行为=跟随引导,0.08938431086571517,0.7972495818621074,2.053891233573368,0.04586481508881173,3.017673510712666
情景→行为,水深=浅 且 结果=自救 且 速率=慢,行为=跟随引导,0.08938431086571517,0.7972495818621074,2.053891233573368,0.04586481508881173,3.017673510712666
情景→行为,播报=无 且 水深=中 且 速率=中,行为=就近出口,0.030878216480883427,0.3475609756097561,2.0500416645434734,0.015815977983521114,1.272856888324621
情景→行为,峰值=高 且 熟悉=低 且 速率=慢,行为=从众,0.05588082091884571,0.7347945205479451,2.0321806507836015,0.028382861572909483,2.407268017760114
情景→行为,峰值=中 且 播报=无 且 水深=中,行为=就近出口,0.03223252422127305,0.34362505553087513,2.026826169374997,0.01632956978526809,1.2652242645833982
情景→行为,播报=晚 且 熟悉=低,行为=从众,0.14572351286592353,0.7297579298831385,2.0182512299608866,0.07352065194223782,2.362402969099499
情景→行为,峰值=低 且 播报=无 且 水深=中,行为=从众,0.058172726325658924,0.7289817232375979,2.016104518081624,0.029318703231155978,2.3556369572055216
情景→行为,播报=晚 且 熟悉=低 且 行动=正常,行为=从众,0.11719970830294822,0.7282496116002071,2.014079757332715,0.05900950611445194,2.3492907317594662
情景→行为,水深=浅 且 熟悉=高 且 进水=出入口,行为=跟随引导,0.041545994374414,0.7767822360732373,2.0011628244946333,0.020785067844157335,2.7409761451663726
情景→行为,播报=无 且 熟悉=低,行为=观望,0.030107302844046255,0.16138038865311594,1.9993422182256837,0.01504869878437458,1.0961862162945877
情景→行为,播报=无 且 结果=自救 且 进水=风亭,行为=从众,0.07502864881758517,0.7196243005595524,1.990225210634765,0.0373300766074304,2.2770185508008716
情景→行为,峰值=低 且 进水=出入口 且 速率=中,行为=跟随引导,0.03217001771017814,0.7716141929035482,1.9878488023835637,0.015986685420718228,2.678951787237136
情景→行为,水深=干 且 熟悉=低,行为=跟随引导,0.046838212313782684,0.7714481811942348,1.9874211195071012,0.023270880833779595,2.677005894320198
情景→行为,播报=无 且 结果=自救 且 速率=快,行为=从众,0.04275445358891551,0.7179846046186144,1.9856903940688253,0.02122317473667284,2.263779493159569
情景→行为,水深=干 且 熟悉=低 且 行动=正常,行为=跟随引导,0.03558704031669965,0.7690229626294461,1.9811732201503096,0.017624431113855844,2.648897799823608
情景→行为,峰值=高 且 水深=中 且 进水=隧道,行为=从众,0.03377435149494739,0.7163057887759611,1.9810473857498128,0.016725616700466926,2.2503831363534426
情景→行为,峰值=中 且 播报=晚 且 水深=中,行为=就近出口,0.03094072299197833,0.33551739719837326,1.9790042372540155,0.015306232469153375,1.2497866805022158
情景→行为,峰值=中 且 熟悉=低 且 速率=中,行为=从众,0.05508907177831024,0.7113263384449825,1.9672759947946832,0.02708635537040751,2.2115653550817416
情景→行为,播报=无 且 水深=中 且 进水=风亭,行为=从众,0.07921658506094385,0.7090637821708319,1.9610185677820142,0.03882095272863973,2.194366427058375
情景→行为,水深=浅 且 熟悉=高 且 速率=慢,行为=跟随引导,0.03902489842691947,0.7607636068237205,1.9598952930490854,0.019113172241686932,2.5574477109333853
情景→行为,水深=干,行为=跟随引导,0.07254922387748723,0.7604280410569992,1.9590308014240836,0.03551600121210146,2.5538655224929885
情景→行为,峰值=高 且 播报=晚 且 速率=慢,行为=从众,0.03687884154599438,0.7082833133253301,1.958860068171558,0.018052156503393105,2.1884955437316216
情景→行为,水深=干 且 行动=正常,行为=跟随引导,0.056193353474320244,0.757797134026412,1.952253003091661,0.02740950558916891,2.5261243860233904
情景→行为,峰值=高 且 水深=中 且 速率=慢,行为=从众,0.06265235962079384,0.7043804169594753,1.9480660431007268,0.0304910477172865,2.1596020881071043
情景→行为,峰值=中 且 熟悉=低 且 进水=隧道,行为=从众,0.04621314720283363,0.7016766845934831,1.9405884797201924,0.022399161040503653,2.140029410539738
情景→行为,水深=中 且 进水=隧道 且 速率=中,行为=从众,0.04452547140327118,0.7001965923984274,1.9364950704254074,0.02153265717757327,2.1294643510793767
情景→行为,播报=无 且 水深=中 且 行动=正常,行为=就近出口,0.0654859881237629,0.3281478387972437,1.9355358882971254,0.0316524702232619,1.2360777479977396
情景→行为,播报=无 且 结果=自救 且 速率=慢,行为=从众,0.0721533493072195,0.6986080290498285,1.9321016684479957,0.0348088604091905,2.118240465421083
情景→行为,峰值=低 且 进水=风亭 且 速率=慢,行为=跟随引导,0.03125325554745286,0.7496251874062968,1.931200261382996,0.015069923257992949,2.443674584366011
情景→行为,播报=无 且 水深=中 且 速率=快,行为=从众,0.049109282216897594,0.6967188885604493,1.9268769768617473,0.02362281743133533,2.105045928476549
情景→行为,水深=中 且 结果=自救 且 速率=中,行为=就近出口,0.05104698406083967,0.32666666666666666,1.9267993937159476,0.024553834733865618,1.2333586728815604
情景→行为,峰值=低 且 播报=无 且 行动=正常,行为=从众,0.059193666006875714,0.6958119030124909,1.924368576990002,0.028433619976887328,2.0987693967719063
情景→行为,峰值=中 且 水深=中 且 行动=正常,行为=就近出口,0.051547036149598914,0.32612707619298703,1.923616691886741,0.024750098710342224,1.2323710852118301
情景→行为,播报=无 且 水深=中,行为=就近出口,0.08002916970517762,0.3260611205432937,1.9232276613586556,0.038417263162277046,1.2322504780795425
情景→行为,峰值=低 且 播报=无,行为=从众,0.07232003333680592,0.6942,1.9199106257923244,0.034651595876619305,2.0877065690636654
情景→行为,峰值=高 且 播报=晚 且 熟悉=低,行为=从众,0.06000625065110949,0.6934745966771009,1.9179044178585603,0.02871884649667849,2.082765936848456
情景→行为,播报=无,行为=观望,0.05158870715699552,0.15477902106644995,1.91755785133822,0.02468536907987157,1.0876247532718315
情景→行为,播报=无 且 速率=中,行为=就近出口,0.0338576935097406,0.3250650130026005,1.9173522550153386,0.016199126378334826,1.2304318525572555
情景→行为,播报=无 且 水深=中 且 结果=自救,行为=就近出口,0.07075737055943328,0.3237060337432085,1.9093364986488006,0.03369875328086197,1.2279593606363595
情景→行为,峰值=中 且 水深=中,行为=就近出口,0.06317324721325138,0.32313758925716723,1.9059836053088044,0.030028551195251704,1.2269280923659434
情景→行为,播报=晚 且 水深=中 且 进水=隧道,行为=就近出口,0.03689967704969268,0.3229394602479942,1.9048149679983384,0.01752788626180925,1.2265690549785984
情景→行为,水深=中 且 行动=正常 且 速率=中,行为=就近出口,0.04565058860297948,0.3222058823529412,1.9004880574572214,0.021630133213189667,1.2252415368989018
情景→行为,峰值=中 且 播报=无,行为=就近出口,0.03669132201270966,0.3203565581226123,1.8895800672354404,0.01727360976599281,1.2219076286720623
情景→行为,播报=晚 且 水深=中 且 速率=中,行为=从众,0.05233878529013439,0.6829798803697661,1.8888797601905567,0.024629882694421113,2.0138175127948035
情景→行为,播报=无 且 熟悉=低 且 速率=快,行为=从众,0.04600479216585061,0.6827458256029685,1.8882324478399488,0.021640846816601906,2.012331815753225
情景→行为,播报=无 且 结果=自救,行为=就近出口,0.07829982289821856,0.3201022146507666,1.8880798564782526,0.03682921315172851,1.221450524331898
情景→行为,播报=无 且 结果=自救 且 行动=正常,行为=就近出口,0.06348577976872591,0.3200966488076479,1.888047027101273,0.029860674642930442,1.2214405252607303
情景→行为,播报=无 且 行动=正常,行为=观望,0.04098343577455985,0.15206803247004252,1.8839714038202608,0.019229689570421687,1.08414742441032
情景→行为,水深=中 且 行动=正常 且 进水=隧道,行为=就近出口,0.04140014584852589,0.3189918124899663,1.8815302986918927,0.01939670222749637,1.2194589164094032
情景→行为,播报=无 且 结果=自救 且 行动=正常,行为=从众,0.13484737993540993,0.6799033511923521,1.8803711732440325,0.06313420869870666,1.9944622075793983
情景→行为,播报=无 且 结果=自救,行为=从众,0.16630899051984582,0.6798977853492334,1.8803557800989084,0.07786349936332766,1.9944275284574005
情景→行为,水深=中 且 进水=隧道,行为=就近出口,0.05104698406083967,0.3183058334416006,1.877484143545486,0.023857948011543766,1.2182317924173898
情景→行为,播报=无 且 水深=中 且 速率=慢,行为=从众,0.05833941035524534,0.6774739898378902,1.8736524226270335,0.027202679950655083,1.9794393280057698
情景→行为,播报=晚 且 熟悉=低 且 进水=出入口,行为=从众,0.031565788102927386,0.6772463120250334,1.8730227466659835,0.014712929183239895,1.9780429863567843
情景→行为,峰值=中 且 水深=中 且 进水=隧道,行为=从众,0.04271278258151891,0.6765676567656765,1.8711458272714443,0.01988570948064582,1.9738924760444858
情景→行为,播报=无 且 水深=中 且 结果=自救,行为=从众,0.147827898739452,0.6762939662567915,1.8703888965365165,0.06879198326048845,1.9722235678996303
情景→行为,水深=中 且 速率=中,行为=就近出口,0.054964058756120426,0.3167627281460134,1.8683823445210659,0.025546065743448438,1.2154803910996148
情景→行为,播报=晚 且 水深=中 且 进水=隧道,行为=从众,0.07707052818001875,0.6745076586433261,1.8654486041596423,0.035755785973686074,1.9613999707602598
情景→行为,播报=无 且 水深=中,行为=从众,0.16541306386081883,0.6739388794567063,1.8638755629552044,0.07666622520461917,1.9579785156718816
情景→行为,播报=无 且 行动=正常 且 进水=出入口,行为=就近出口,0.031753307636212105,0.31592039800995025,1.8634139735145092,0.014712913989102395,1.2139837293657485
情景→行为,峰值=低 且 结果=自救 且 速率=慢,行为=跟随引导,0.0721533493072195,0.7216086684725984,1.8590235127934707,0.033340849728449834,2.197750061913884
情景→行为,播报=无 且 水深=中 且 行动=正常,行为=从众,0.13407646629857276,0.6718521612027563,1.858104441450172,0.06191880749983927,1.945527574277692
情景→行为,水深=中 且 进水=风亭 且 速率=慢,行为=从众,0.04746327742473174,0.6707891637220259,1.8551645679865525,0.02187887470177299,1.9392456094021422
情景→行为,播报=无 且 结果=自救 且 进水=隧道,行为=从众,0.0306073549328055,0.6698586411308709,1.8525910730134925,0.01408597826276765,1.933779733040792
情景→行为,峰值=高 且 播报=无 且 熟悉=低,行为=从众,0.04244192103344099,0.6689655172413793,1.8501210095655178,0.019501842620187337,1.928562437059416
情景→行为,峰值=低 且 水深=浅 且 速率=慢,行为=跟随引导,0.0338993645171372,0.717688575209528,1.8489244856243314,0.015564724686949485,2.1672327521095944
情景→行为,峰值=中 且 播报=无 且 结果=自救,行为=从众,0.0579643712886759,0.6679471788715486,1.8473046473400931,0.026586562884340456,1.9226479288748521
情景→行为,水深=中 且 结果=自救 且 进水=隧道,行为=从众,0.1037816439212418,0.6678734245105926,1.8471006689746392,0.04759540260562744,1.9222209721667698
情景→行为,水深=浅 且 进水=出入口 且 速率=慢,行为=跟随引导,0.033357641420981354,0.7121886120996442,1.834755364343662,0.015176666415131341,2.12581778144394
情景→行为,播报=无 且 进水=出入口,行为=就近出口,0.03879570788623815,0.3103850641773629,1.8307645514553927,0.017604720844569172,1.2042394433007246
情景→行为,水深=中 且 结果=自救 且 进水=隧道,行为=就近出口,0.0481300135430774,0.30973451327433627,1.826927364458863,0.021785225852334403,1.203104490051047
情景→行为,峰值=低 且 熟悉=低 且 速率=慢,行为=跟随引导,0.043650380247942495,0.7089678510998308,1.8264579717410832,0.019751456252263315,2.102292026543463
情景→行为,水深=中 且 进水=隧道,行为=从众,0.10584435878737368,0.6599974015850331,1.8253183870619833,0.04785756616116241,1.8776934993905194
情景→行为,峰值=中 且 播报=晚,行为=就近出口,0.038629023856651734,0.3091030343447816,1.8232026709325049,0.017441569234893015,1.20200485410924
情景→行为,播报=晚 且 熟悉=低 且 进水=风亭,行为=从众,0.03542035628711324,0.6591702210158977,1.823030699415582,0.01599097624514899,1.8731364105641937
情景→行为,播报=晚 且 行动=正常 且 速率=中,行为=从众,0.049880195853734766,0.658778205833792,1.8219465246624895,0.022502775507671137,1.870984443944094
情景→行为,播报=晚 且 熟悉=低 且 速率=慢,行为=从众,0.04633816022502344,0.6583777383066903,1.820838973725343,0.020889363876921363,1.8687911778794115
情景→行为,播报=晚 且 速率=中,行为=从众,0.061673090946973645,0.6576316374139081,1.8187755236648908,0.027763963545313658,1.864718643969714
情景→行为,水深=中 且 行动=正常 且 进水=隧道,行为=从众,0.0853213876445463,0.6574088938834484,1.8181594941763342,0.03839404825664582,1.8635062540195484
情景→行为,水深=中 且 行动=正常 且 进水=出入口,行为=就近出口,0.0404625481821023,0.3079118439828762,1.8161765948086692,0.018183575808072255,1.1999360185357224
情景→行为,峰值=中 且 播报=无 且 水深=中,行为=从众,0.061568913428482135,0.6563749444691248,1.8152999573467583,0.027652252339330108,1.857899063365319
情景→行为,播报=晚 且 水深=中,行为=就近出口,0.06756953849359308,0.3077142043837176,1.8150108442173436,0.03034136505932914,1.1995934506609789
情景→行为,播报=晚 且 水深=中 且 行动=正常,行为=就近出口,0.054589019689550995,0.3075839398919934,1.8142424966346593,0.024499866893928995,1.1993677706975452
情景→行为,播报=晚 且 水深=中 且 结果=自救,行为=从众,0.13595166163141995,0.6550547133821906,1.8116486670956686,0.06090860052323617,1.850788207832573
情景→行为,水深=中 且 行动=正常 且 速率=慢,行为=从众,0.08840504219189499,0.654380012338063,1.8097826836559485,0.03955661249352499,1.847175197066815
情景→行为,峰值=高 且 播报=晚 且 结果=自救,行为=从众,0.05652672153349307,0.6543656536420647,1.8097429726029095,0.025292053191506333,1.8470984598229916
情景→行为,水深=中 且 结果=自救 且 速率=慢,行为=从众,0.10734451505365142,0.6535582899911201,1.8075100915134152,0.047956456553921195,1.8427938968529654
情景→行为,播报=无 且 行动=正常 且 速率=慢,行为=从众,0.060610480258360244,0.6531207903008531,1.806300122766477,0.027055436168826004,1.8404696821506823
情景→行为,峰值=中 且 播报=晚 且 行动=正常,行为=就近出口,0.03081570996978852,0.3061477954874767,1.8057715920390125,0.013750589383306967,1.1968853035357452
情景→行为,水深=中 且 结果=自救 且 进水=风亭,行为=从众,0.09890613605583914,0.6527777777777778,1.805351471962916,0.044121160613743736,1.838651526200646
情景→行为,播报=无 且 水深=中 且 速率=中,行为=从众,0.0579643712886759,0.6524390243902438,1.8044146004154518,0.025840727822628758,1.836859468182906
情景→行为,峰值=低 且 速率=慢,行为=跟随引导,0.07292426294405667,0.6997201119552179,1.8026337505792098,0.03246997603157367,2.0375476029529818
情景→行为,峰值=中 且 水深=中 且 速率=中,行为=从众,0.06492342952390874,0.6516102049351735,1.8021223801926731,0.028897335936986263,1.8324895788089168
情景→行为,水深=中 且 速率=慢,行为=从众,0.10840712574226483,0.6505376344086021,1.7991560310845256,0.048152693180950314,1.8268652984685905
情景→行为,峰值=中 且 播报=晚 且 速率=中,行为=从众,0.04054589019689551,0.6486666666666666,1.793981598862894,0.017944827720783537,1.817136628518981
情景→行为,播报=无 且 进水=出入口 且 速率=慢,行为=从众,0.03375351599124909,0.6479999999999999,1.7921378356574849,0.014919297261155779,1.8136950818740585
情景→行为,峰值=低 且 行动=正常 且 速率=慢,行为=跟随引导,0.058631107407021564,0.6953298739807264,1.7913235266615655,0.0259004998230914,2.0081869335030587
情景→行为,播报=无 且 速率=慢,行为=从众,0.07419522866965308,0.6475722858701581,1.7909549302949312,0.032767481150939845,1.8114939410935798
情景→行为,峰值=中 且 水深=中 且 结果=自救,行为=就近出口,0.05256797583081571,0.30361010830324914,1.7908033855246948,0.023213566376528463,1.1925237805843243
情景→行为,播报=无 且 进水=风亭 且 速率=慢,行为=从众,0.040441712678404,0.6472157385795264,1.7899688471317488,0.017848183889784066,1.8096631245653931
情景→行为,水深=中 且 行动=正常 且 速率=快,行为=就近出口,0.03789978122721117,0.3033689126084056,1.7893807251616598,0.016719391445272975,1.1921108911697096
情景→行为,水深=中 且 结果=自救 且 进水=出入口,行为=就近出口,0.044775497447650796,0.303274061529777,1.7888212588326957,0.01974476996352571,1.1919485992301835
情景→行为,水深=中 且 行动=正常 且 进水=风亭,行为=从众,0.090821960620898,0.6463523131672598,1.7875809191231204,0.040014772174598305,1.805244859756749
情景→行为,峰值=低 且 熟悉=低 且 进水=出入口,行为=跟随引导,0.042879466611105324,0.693863789615644,1.7875465691144838,0.01889157876975695,1.9985697390467896
情景→行为,水深=中 且 速率=快,行为=就近出口,0.04708823835816231,0.3027055987141709,1.7854682573782268,0.020715191308137204,1.1909768741517568
情景→行为,播报=晚 且 水深=中 且 行动=正常,行为=从众,0.11453276382956558,0.6453392815214839,1.7847792334115258,0.050360813772391655,1.8000884664038193
情景→行为,播报=晚 且 水深=中,行为=从众,0.14170226065215127,0.645317392541987,1.7847186962690251,0.062304728173569926,1.7999773752516024
情景→行为,播报=晚 且 熟悉=低 且 速率=快,行为=从众,0.04612980518804042,0.6445414847161572,1.7825728108189447,0.020251588652892217,1.7960483189152845
情景→行为,峰值=低 且 熟悉=高,行为=就近出口,0.042879466611105324,0.3018923280035206,1.780671289483713,0.01879896008284104,1.1895894282782005
情景→行为,水深=中 且 进水=出入口,行为=就近出口,0.049130117720595896,0.3017274472168906,1.7796987623417309,0.021524256121888935,1.1893085344640022
情景→行为,播报=无 且 结果=自救 且 速率=慢,行为=就近出口,0.03112824252526305,0.3013919709501715,1.7777200007070764,0.01361803703008833,1.1887374205195178
情景→行为,播报=晚 且 水深=中 且 速率=慢,行为=从众,0.050067715387019485,0.6425133689839572,1.7769637630739323,0.021891724166799895,1.785858864162723
情景→行为,水深=中 且 进水=风亭 且 速率=快,行为=从众,0.033732680487550785,0.6422054740182467,1.776112234960571,0.014740254320124695,1.7843220688407813
情景→行为,水深=中 且 进水=风亭,行为=从众,0.11076153766017294,0.6420289855072463,1.775624130426431,0.0483826052261039,1.7834423541925966
情景→行为,峰值=低 且 熟悉=高 且 行动=正常,行为=就近出口,0.03460777164287947,0.30074235017200796,1.7738882999269412,0.015098216478495775,1.187633065739359
情景→行为,峰值=高 且 水深=中 且 行动=正常,行为=从众,0.08467548702989895,0.6412117387188389,1.7733639160891246,0.036926975705366405,1.7793800347313375
情景→行为,播报=无 且 结果=自救 且 进水=出入口,行为=从众,0.06067298676945515,0.6409861325115562,1.7727399694532753,0.026447444493129593,1.778261862935472
情景→行为,峰值=中 且 熟悉=低 且 行动=正常,行为=从众,0.09565579747890406,0.6403068340306834,1.7708612711364902,0.04163925816099645,1.7749035267301378
情景→行为,峰值=高 且 水深=中,行为=从众,0.10401083446192312,0.6395080707148347,1.7686521755191016,0.04520286989907978,1.770970767877162
情景→行为,播报=晚 且 水深=中 且 结果=自救,行为=就近出口,0.062048130013543076,0.2989659672723622,1.7634105443329264,0.026861695287411273,1.1846236668078625
情景→行为,水深=中 且 行动=正常,行为=就近出口,0.12007500781331389,0.29891078838174273,1.7630850790686667,0.05196995194343926,1.1845304315695324
情景→行为,峰值=中 且 熟悉=低,行为=从众,0.1190540681320971,0.6365864527629234,1.7605720179991071,0.051431689203570094,1.7567332689532025
情景→行为,峰值=高 且 播报=无 且 水深=中,行为=从众,0.04567142410667778,0.6357308584686775,1.7582057480813746,0.01969526963413309,1.752607058989027
情景→行为,水深=中 且 速率=中,行为=从众,0.11030315657881029,0.6356868395773295,1.758084007463059,0.04756260714512346,1.7523952966150962
情景→行为,水深=中,行为=就近出口,0.14759870819877072,0.2977471418964358,1.7562214667960472,0.0635553736937885,1.1825676418741549
情景→行为,峰值=高 且 水深=中 且 进水=风亭,行为=从众,0.034024377539327015,0.6349144634525662,1.7559478894436966,0.014647733309807023,1.7486879235401367
情景→行为,峰值=高 且 水深=中 且 结果=自救,行为=从众,0.09898947807063235,0.6332977872567316,1.751476737316286,0.04247175450536836,1.7409785014486208
情景→行为,峰值=中 且 播报=晚 且 水深=中,行为=从众,0.05836024585894364,0.6328513330320832,1.750242003507827,0.025016145019186448,1.7388614647359102
情景→行为,播报=无 且 水深=中 且 进水=出入口,行为=从众,0.057422648192520055,0.6324001835704451,1.7489942843415647,0.024590838102221402,1.7367273874632436
情景→行为,峰值=低 且 熟悉=高 且 结果=自救,行为=就近出口,0.03977497656005834,0.2964746078583631,1.748715595939798,0.017029724757873548,1.1804286180472718
情景→行为,峰值=中 且 水深=中 且 结果=自救,行为=从众,0.1092822168975935,0.6311672683513839,1.745584478767124,0.046677273838763356,1.7309219438471282
情景→行为,水深=中 且 行动=正常 且 速率=中,行为=从众,0.08930096885092197,0.6302941176470588,1.7431696540550066,0.03807189390506817,1.7268339490746807
情景→行为,播报=无 且 结果=自救 且 速率=中,行为=从众,0.051401187623710806,0.6285350318471338,1.738304647545418,0.021831464217464312,1.718656464415089
情景→行为,峰值=低 且 结果=自救 且 进水=出入口,行为=跟随引导,0.07265340139597874,0.6738164251207729,1.7359001247274017,0.030799955819789317,1.8757368954803246
情景→行为,播报=晚 且 结果=自救 且 进水=隧道,行为=从众,0.08207104906761122,0.6263316902528224,1.7322109873046105,0.03469168843018849,1.7085223771093179
情景→行为,水深=中 且 结果=自救 且 行动=正常,行为=就近出口,0.10792790915720388,0.2931522354272779,1.7291190290441443,0.045510049342853014,1.1748802896885695
情景→行为,水深=中 且 结果=自救,行为=从众,0.283779560370872,0.6243124312431243,1.7266264341082027,0.11942463404458575,1.6993393498011093
情景→行为,水深=中 且 结果=自救 且 行动=正常,行为=从众,0.22966975726638192,0.6238256932654217,1.725280289747258,0.09654949928208242,1.6971405473211296
情景→行为,水深=中 且 结果=自救,行为=就近出口,0.13280550057297635,0.2921708837550422,1.7233306582061263,0.05574222781067423,1.173251406797909
情景→行为,峰值=中 且 播报=晚 且 进水=隧道,行为=从众,0.03889988540472966,0.622540846948983,1.7217268612029757,0.01630635661610973,1.691363591687444
情景→行为,峰值=中 且 水深=中 且 速率=慢,行为=从众,0.03400354203562871,0.6224256292906178,1.7214082100843149,0.014250213431506852,1.690847468328456
情景→行为,水深=中 且 结果=自救 且 速率=中,行为=从众,0.0971767892488801,0.6218666666666668,1.7198623180054553,0.04067413305860018,1.688348031081635
情景→行为,播报=无 且 水深=中 且 进水=风亭,行为=就近出口,0.032503385769350975,0.29093621782916823,1.7160481473160782,0.013562550210519657,1.1712084685307447
情景→行为,播报=晚 且 水深=中 且 进水=风亭,行为=从众,0.031544952599229084,0.6197298403602128,1.7139526154251707,0.013140154056181904,1.6788608115462333
情景→行为,水深=中,行为=从众,0.3071153245129701,0.6195359784801614,1.7134164623231154,0.1278738317024181,1.6780053637381307
情景→行为,水深=中 且 行动=正常,行为=从众,0.24860923012813835,0.6188796680497926,1.711601340788855,0.10335973528165876,1.6751157450793706
情景→行为,水深=中 且 结果=自救 且 行动=缓慢,行为=从众,0.03831649130117721,0.6187752355316286,1.7113125175371968,0.015926372074842286,1.6746568647237916
情景→行为,峰值=高 且 水深=中 且 结果=自救,行为=就近出口,0.04527554953641004,0.2896560917088776,1.7084974955840704,0.018775335369615464,1.1690978084189707
情景→行为,水深=中 且 行动=缓慢,行为=从众,0.04158766538181061,0.6149106592729513,1.7006244722718276,0.017133315782657456,1.6578507927909156
情景→行为,峰值=高 且 结果=自救 且 速率=中,行为=跟随引导,0.04310865715178665,0.6599681020733652,1.7002237820188493,0.017753961136066095,1.7993446198175347
情景→行为,峰值=高 且 播报=无 且 结果=自救,行为=从众,0.04246275653713929,0.613485851896448,1.6966839611484394,0.017435846688591303,1.6517394562452803
情景→行为,峰值=中 且 水深=中,行为=从众,0.11992915928742577,0.6134498561227753,1.6965844096238674,0.04924056954963957,1.651585645308782
情景→行为,播报=晚 且 结果=自救 且 速率=中,行为=从众,0.04875507865402646,0.612725844461901,1.6945820505329572,0.019983926121935926,1.6484979947412544
情景→行为,峰值=低 且 熟悉=低 且 速率=快,行为=从众,0.039754141056360034,0.6121270452358036,1.6929259845621984,0.0162716371436797,1.645953039463116
情景→行为,播报=无 且 行动=正常 且 进水=风亭,行为=从众,0.07259089488488384,0.6114426114426114,1.691033083795559,0.029663943555255173,1.6430537357427606
情景→行为,峰值=中 且 熟悉=低 且 结果=自救,行为=从众,0.09421814772372122,0.6110810810810812,1.6900332192282177,0.03846886028264504,1.6415263895988708
情景→行为,峰值=低 且 水深=中 且 速率=快,行为=从众,0.04292113761850193,0.6105512744516894,1.6885679622743364,0.017502476020368002,1.6392932546404586
情景→行为,峰值=中 且 水深=中 且 行动=正常,行为=从众,0.09646838212313782,0.6103348273134721,1.6879693463702945,0.03931782880854269,1.638382677153588
情景→行为,峰值=中 且 播报=无,行为=从众,0.06988227940410459,0.6101509914498817,1.6874609216686107,0.028469599260375428,1.6376100870283334
情景→行为,峰值=中 且 熟悉=低 且 速率=快,行为=从众,0.031940827169496824,0.6090584028605484,1.684439209709117,0.012978535752038882,1.6330333571332385
情景→行为,峰值=中 且 播报=无 且 行动=正常,行为=从众,0.055901656422544015,0.6088041751758565,1.6837361062328702,0.022700695645135528,1.631972092510603
情景→行为,峰值=高 且 水深=中 且 行动=正常,行为=就近出口,0.03764975518283154,0.28510571158094034,1.6816576904666622,0.015261277791583337,1.161656373340773
情景→行为,播报=晚 且 水深=中 且 进水=出入口,行为=从众,0.03308677987290343,0.6079632465543645,1.681410396356847,0.01340878814370194,1.628471471637671
情景→行为,峰值=高 且 水深=中,行为=就近出口,0.04635899572872174,0.2850371509095568,1.681253294568536,0.018784925909207148,1.1615449774256223
情景→行为,播报=晚 且 结果=自救 且 进水=隧道,行为=就近出口,0.03729555161996041,0.2846239465733821,1.678816064371325,0.015080162804315102,1.1608740639682382
情景→行为,播报=无 且 速率=慢,行为=就近出口,0.032607563287842485,0.2845971994908165,1.6786583003025364,0.01318278620130511,1.1608306618534923
情景→行为,峰值=中 且 播报=晚 且 行动=正常,行为=从众,0.06102719033232629,0.6062926930242186,1.6767902386595235,0.024631946058293983,1.621561646197592
情景→行为,播报=无 且 进水=风亭,行为=从众,0.08834253568080008,0.6058008286898129,1.675429916616778,0.03561425692403086,1.619538333116659
情景→行为,播报=无 且 速率=中,行为=从众,0.06306906969475987,0.605521104220844,1.674656298091472,0.02540816592206529,1.6183899206032064
情景→行为,峰值=低 且 水深=中,行为=从众,0.08317533076362121,0.6045736786309254,1.67203605542764,0.033430392253698774,1.6145123233306293
情景→行为,峰值=低 且 水深=中 且 行动=正常,行为=从众,0.06746536097510157,0.6045556385362211,1.671986162933383,0.027114930767749672,1.6144386695930812
情景→行为,播报=晚 且 水深=中 且 速率=快,行为=从众,0.039295759974997395,0.6042934956744633,1.6712611688887786,0.01578312131234891,1.6133691557782885
情景→行为,峰值=低 且 水深=中 且 结果=自救,行为=从众,0.0755078654026461,0.6035976015989339,1.669336573051794,0.03027560570045402,1.610536846887937
情景→行为,峰值=高 且 熟悉=低 且 结果=自救,行为=从众,0.08771747056985102,0.6030654634006589,1.6678648678065358,0.03512479818793847,1.6083777297113344
情景→行为,播报=无 且 行动=正常 且 速率=中,行为=从众,0.05094280654234816,0.6017720895889737,1.6642878552392986,0.020333434262200516,1.6031540033463003
情景→行为,峰值=中 且 播报=晚 且 结果=自救,行为=从众,0.06065215126575685,0.6014462809917355,1.663386784383908,0.024189103804296203,1.6018434614241557
情景→行为,峰值=中 且 播报=晚,行为=从众,0.07511199083237838,0.6010336778926308,1.662245670765058,0.029924933255138515,1.6001868665191696
情景→行为,峰值=低 且 进水=出入口,行为=跟随引导,0.07384102510678196,0.6441294074881861,1.6594198020609496,0.029342927027517382,1.7192613803297736
情景→行为,熟悉=低 且 结果=自救 且 进水=隧道,行为=从众,0.09296801750182311,0.5983639533324393,1.6548621608960714,0.03678930987370079,1.589550226173045
情景→行为,峰值=低 且 行动=正常 且 进水=出入口,行为=跟随引导,0.0590686529846859,0.6414027149321266,1.6523952390320675,0.023321362270336675,1.706188506097671
情景→行为,水深=中 且 进水=出入口 且 速率=慢,行为=从众,0.03629544744244192,0.5967797190818773,1.6504807316661692,0.014304613653184972,1.5833049552120755
情景→行为,水深=中 且 进水=出入口 且 速率=中,行为=从众,0.036212105427648716,0.5966357706831446,1.6500826215245776,0.014266473763343994,1.5827399219333576
情景→行为,峰值=低 且 水深=中 且 结果=自救,行为=就近出口,0.034961975205750596,0.2794803464357095,1.6484772308199431,0.013753326064530301,1.1525868896132991
情景→行为,水深=中 且 进水=隧道 且 速率=快,行为=从众,0.036670486509011356,0.5941931127616475,1.6433270973259924,0.014355704157596804,1.5732129958767544
情景→行为,水深=中 且 结果=自救 且 速率=快,行为=从众,0.07925825606834046,0.591325975439142,1.6353976138758568,0.030794044432064363,1.5621757940345873
情景→行为,峰值=低 且 水深=中 且 行动=正常,行为=就近出口,0.030878216480883427,0.27669902912621364,1.6320720047821828,0.01195857544151369,1.1481548343612418
情景→行为,峰值=低 且 水深=中,行为=就近出口,0.038066465256797584,0.2766924125397547,1.6320329777369456,0.014741896589329628,1.1481443314080562
情景→行为,峰值=中 且 进水=隧道 且 速率=中,行为=从众,0.03683717053859777,0.5893333333333334,1.629886673581499,0.014236108062485802,1.5545957844634792
情景→行为,结果=自救 且 进水=出入口 且 速率=快,行为=跟随引导,0.04237941452234608,0.6316770186335404,1.6273396945419631,0.016337270608272662,1.6611360057706968
情景→行为,水深=中 且 结果=自救 且 速率=慢,行为=就近出口,0.04521304302531514,0.27527591018647724,1.6236779291385,0.01736697687271028,1.145900237179368
情景→行为,水深=中 且 进水=风亭,行为=就近出口,0.04742160641733514,0.27487922705314005,1.6213381470339752,0.01817316956035578,1.1452733632660352
情景→行为,峰值=高 且 水深=中 且 进水=出入口,行为=从众,0.036212105427648716,0.5849882194547291,1.6178696319424757,0.013829519888805833,1.5383193893456903
情景→行为,峰值=中 且 水深=中 且 进水=风亭,行为=从众,0.04275445358891551,0.5834518055160648,1.6136204567098955,0.016258474679420248,1.532645387193703
情景→行为,峰值=中 且 水深=中 且 进水=出入口,行为=从众,0.03446192311699135,0.5832157968970381,1.6129677406980143,0.013096385389573507,1.531777509959882
情景→行为,播报=无 且 行动=正常,行为=就近出口,0.07367434107719555,0.2733668341708543,1.6124175010483164,0.027982489537940962,1.142889624999838
情景→行为,水深=中 且 速率=慢,行为=就近出口,0.04554641108448797,0.2733183295823956,1.6121314032575982,0.017294116642202834,1.1428133393397324
情景→行为,播报=晚 且 结果=自救 且 速率=快,行为=从众,0.04492134597353891,0.5817593092282785,1.608939613138828,0.017001500128048592,1.5264432249327047
情景→行为,水深=中 且 结果=自救 且 速率=快,行为=就近出口,0.03654547348682154,0.27265661433234883,1.6082283648618756,0.013821416204098335,1.1417736419567641
情景→行为,播报=无,行为=就近出口,0.0907386186061048,0.2722385447271363,1.6057624375296677,0.03423049730162427,1.1411177390475395
情景→行为,水深=中 且 行动=正常 且 进水=风亭,行为=就近出口,0.0382123137826857,0.2719454329774615,1.6040335573003888,0.014389673907870631,1.140658329777648
情景→行为,峰值=中 且 熟悉=低 且 进水=风亭,行为=从众,0.042983644129596835,0.5786816269284712,1.6004278370653438,0.01612604822048378,1.5152927325846333
情景→行为,水深=中 且 行动=正常 且 速率=慢,行为=就近出口,0.03652463798312324,0.2703578038247995,1.594669140293874,0.013620427284976606,1.1381763702266863
情景→行为,峰值=低 且 结果=自救 且 速率=中,行为=跟随引导,0.06321491822064798,0.6186786296900489,1.5938529700469082,0.023553218296854174,1.6045116107794206
情景→行为,播报=无 且 进水=出入口,行为=从众,0.07190332326283988,0.5752625437572929,1.5909718674444664,0.026708731998107978,1.50309481642433
情景→行为,播报=无 且 行动=正常,行为=从众,0.15484946348577977,0.5745651333591032,1.5890430779975888,0.057401215776277006,1.5006308106818853
情景→行为,播报=晚 且 进水=隧道,行为=就近出口,0.044775497447650796,0.2686921730432608,1.5848446411713533,0.016523203005365663,1.135584053383916
情景→行为,播报=无,行为=从众,0.19097822689863528,0.5729824342064137,1.5846658943031475,0.07046182808851421,1.4950688682635398
情景→行为,播报=无 且 行动=正常 且 进水=出入口,行为=从众,0.05756849671840817,0.5727611940298508,1.5840540225574904,0.02122598825682013,1.4942946658835918
情景→行为,水深=中 且 速率=快,行为=从众,0.08840504219189499,0.5683096705062952,1.5717426896363742,0.032158531376344335,1.4788857317429869
情景→行为,水深=中 且 行动=正常 且 速率=快,行为=从众,0.07090321908532139,0.5675450300200133,1.5696279656454153,0.0257312288830656,1.4762708562447875
情景→行为,熟悉=低 且 结果=自救 且 速率=快,行为=从众,0.0721533493072195,0.56557243181447,1.5641724596597608,0.02602458079347498,1.469567577136403
情景→行为,播报=晚 且 行动=正常 且 进水=隧道,行为=就近出口,0.03550369830190645,0.264719589871058,1.5614128936784353,0.01276551133954219,1.1294487041498684
情景→行为,熟悉=低 且 进水=出入口 且 速率=中,行为=从众,0.034961975205750596,0.5625209520616828,1.5557331505244016,0.012488985417003263,1.4593171303364534
情景→行为,水深=中 且 结果=自救 且 进水=风亭,行为=就近出口,0.03989998958224815,0.26333883388338836,1.5532686902093185,0.014212231994814108,1.1273317294364578
情景→行为,峰值=中 且 熟悉=低 且 速率=慢,行为=从众,0.03202416918429003,0.5605397520058352,1.5502538548761124,0.011366798081123695,1.4527381526170389
情景→行为,峰值=低 且 熟悉=低 且 速率=中,行为=跟随引导,0.03896239191582457,0.6007067137809188,1.5475533401994201,0.01378562359144241,1.5322936478449545
情景→行为,播报=晚 且 行动=正常 且 进水=隧道,行为=从众,0.07465360975101573,0.556625757340376,1.5394291358506018,0.026159263364771486,1.4399137509433104
情景→行为,水深=中 且 进水=出入口,行为=从众,0.09050942806542348,0.5558541266794625,1.5372950795194655,0.031633660315151794,1.4374121367979575
情景→行为,播报=晚 且 进水=隧道,行为=从众,0.09261381393895197,0.5557639409852463,1.53704565792249,0.03235938137763746,1.4371203234505237
情景→行为,播报=晚 且 速率=快,行为=就近出口,0.032420043754557766,0.2594630648657662,1.530407987984816,0.01123612155270931,1.1214315816082603
情景→行为,熟悉=低 且 行动=正常 且 速率=中,行为=从众,0.08475882904469216,0.5519674355495252,1.5265458723752139,0.029235552228377093,1.4249425588131315
情景→行为,水深=中 且 行动=正常 且 进水=出入口,行为=从众,0.07246588186269404,0.5514507689868401,1.525116956178598,0.024950914850414646,1.4233012224268828
情景→行为,播报=晚 且 结果=自救 且 行动=正常,行为=从众,0.11844983852484633,0.5509788718743942,1.5238118563795982,0.04071725098200524,1.421805409212463
情景→行为,熟悉=低 且 进水=隧道 且 速率=中,行为=从众,0.04094176476716325,0.5498041410184668,1.5205629680869719,0.014016365670621856,1.4180953824496558
情景→行为,水深=中 且 结果=自救 且 进水=出入口,行为=从众,0.08109178039379102,0.549252046288456,1.519036070163331,0.027708070825214544,1.416358440593667
情景→行为,熟悉=低 且 速率=中,行为=从众,0.10549015522450256,0.5477066205106015,1.5147619713844829,0.035848748048109544,1.4115189338840033
情景→行为,熟悉=低 且 进水=隧道,行为=从众,0.1027190332326284,0.5471698113207547,1.5132773478356356,0.03484050892937213,1.409845643643435
情景→行为,熟悉=低 且 行动=正常 且 进水=隧道,行为=从众,0.08248775914157724,0.5470498825480171,1.5129456674479704,0.027966462761703142,1.4094723551702082
情景→行为,播报=晚 且 结果=自救,行为=从众,0.1463277424731743,0.5466645909550867,1.5118800877543728,0.049542459262970795,1.4082744389296502
情景→行为,熟悉=低 且 行动=正常 且 进水=风亭,行为=从众,0.09234295239087405,0.5461491065927295,1.510454441103956,0.031207078392991174,1.4066749192157513
情景→行为,峰值=低 且 熟悉=高 且 进水=出入口,行为=跟随引导,0.030961558495676632,0.5859621451104101,1.5095680705622185,0.010451348257760423,1.4777261520297253
情景→行为,熟悉=低 且 结果=自救 且 速率=慢,行为=从众,0.10213563912907594,0.5456366874443456,1.50903727174665,0.03445299070061264,1.4050885077598982
情景→行为,熟悉=低 且 进水=风亭 且 速率=慢,行为=从众,0.04717158037295552,0.5447545717035611,1.5065976529279943,0.015861575156048406,1.4023659088871794
情景→行为,峰值=低 且 熟悉=低 且 结果=自救,行为=跟随引导,0.10505260964683821,0.5842410196987253,1.5051340708770973,0.03525642890818802,1.4716087807827434
情景→行为,熟悉=低 且 行动=正常 且 速率=慢,行为=从众,0.0852797166371497,0.5429102002918159,1.5014967767088685,0.028483246634680326,1.3967073192778534
情景→行为,峰值=高 且 熟悉=低 且 进水=风亭,行为=从众,0.0338576935097406,0.5420280186791194,1.4990569757119012,0.011271698408612703,1.3940168719019423
情景→行为,熟悉=低 且 结果=自救 且 行动=正常,行为=从众,0.2076883008646734,0.5402417213159179,1.4941167116836163,0.06868423294909276,1.3886007026278095
情景→行为,熟悉=低 且 进水=隧道 且 速率=快,行为=从众,0.03971247004896343,0.5393322014714204,1.4916013028478057,0.01308841845210353,1.385859117695767
情景→行为,熟悉=低 且 进水=风亭 且 速率=快,行为=从众,0.03594124387957079,0.5385576022478926,1.4894590365268874,0.01181084284257524,1.383532748463734
情景→行为,熟悉=低 且 进水=风亭,行为=从众,0.112699239504115,0.5384232530360342,1.4890874743266371,0.037015814959108065,1.383130049377268
情景→行为,熟悉=低 且 结果=自救 且 进水=风亭,行为=从众,0.09232211688717575,0.5383961117861482,1.4890124112698042,0.030319868827708575,1.3830487245027305
情景→行为,播报=无 且 进水=风亭 且 速率=快,行为=从众,0.03360766746536097,0.5376666666666666,1.4869950251623063,0.011006604989249002,1.3808666232581155
情景→行为,熟悉=低 且 速率=慢,行为=从众,0.10455255755807896,0.5368567454798331,1.484755070836959,0.0341351805700061,1.378451834478504
情景→行为,播报=晚 且 结果=自救,行为=就近出口,0.06729867694551515,0.25142056511247757,1.4829703849789062,0.02191767835836373,1.109383276781706
情景→行为,熟悉=低 且 结果=自救,行为=从众,0.2566934055630795,0.5353961149015689,1.4807154854616111,0.08333572268380868,1.3741182312421103
情景→行为,播报=晚 且 结果=自救 且 行动=正常,行为=就近出口,0.05377643504531722,0.25014537701104866,1.475448859486946,0.017328926411221447,1.1074966812855853
情景→行为,峰值=低 且 结果=自救,行为=跟随引导,0.1791644963016981,0.5706417147786847,1.4700992539346738,0.05729211535723462,1.4249976934421138
情景→行为,峰值=低 且 结果=自救 且 行动=正常,行为=跟随引导,0.1433482654443171,0.5680786062257452,1.463496119474216,0.045399071362533516,1.416541470090766
情景→行为,播报=无 且 进水=风亭,行为=就近出口,0.036024585894364,0.24703529075582228,1.4571044340451873,0.011301178942431812,1.102922216952944
情景→行为,熟悉=低 且 行动=正常,行为=从众,0.24429628086258987,0.5247258894607295,1.451205431869754,0.07595603385301589,1.3432683469656779
情景→行为,峰值=高 且 熟悉=低 且 进水=出入口,行为=从众,0.03904573393061777,0.524049217002237,1.449333996198131,0.012105267459092302,1.3413585850171181
情景→行为,峰值=高 且 播报=晚,行为=从众,0.06511094905719346,0.52109388027347,1.4411605845179896,0.01993142516744563,1.3330810414037442
情景→行为,峰值=高 且 播报=晚 且 行动=正常,行为=从众,0.052797166371497034,0.520863309352518,1.4405229072475567,0.016145776722735455,1.3324395340230324
情景→行为,熟悉=低,行为=从众,0.30217731013647253,0.5207914392415972,1.4403241400484301,0.0923791808582172,1.332239699159995
情景→行为,峰值=低 且 熟悉=低,行为=跟随引导,0.10619856235024482,0.5549265106151333,1.4296134126126314,0.03191375121646706,1.3746821158596714
情景→行为,峰值=低 且 速率=中,行为=跟随引导,0.063423273257631,0.5534545454545454,1.4258213048357975,0.01894135042303355,1.3701506977009343
情景→行为,熟悉=低 且 进水=出入口 且 速率=慢,行为=从众,0.03531617876862173,0.515354211006385,1.4252866980091878,0.010537880607310979,1.3172933373575226
情景→行为,峰值=低 且 熟悉=高 且 结果=自救,行为=跟随引导,0.07411188665485988,0.5524149712688305,1.423143131832932,0.022035686449046604,1.3669683452886856
情景→行为,峰值=高 且 结果=自救 且 速率=慢,行为=从众,0.06265235962079384,0.5138414217361587,1.4211028602182167,0.01856522041739142,1.3131942896072766
情景→行为,播报=晚 且 行动=正常,行为=从众,0.13793103448275862,0.5134569146048243,1.4200394500667595,0.04079920164792142,1.31215649339901
情景→行为,峰值=低 且 结果=自救 且 进水=风亭,行为=跟随引导,0.051567871653297216,0.5503669112741828,1.4178668763609448,0.015197834019263626,1.3607418614018585
情景→行为,播报=晚,行为=从众,0.170601104281696,0.5118459711195849,1.4155841525806427,0.05008470547157494,1.307826282380361
情景→行为,峰值=低 且 熟悉=低 且 行动=正常,行为=跟随引导,0.08425877695593291,0.5494565217391305,1.4155215115872017,0.024733876580907956,1.3579922818156447
情景→行为,峰值=低 且 行动=正常 且 速率=中,行为=跟随引导,0.05056776747577873,0.5487225864797649,1.4136307320502586,0.014796213894428811,1.35578371035226
情景→行为,峰值=高 且 熟悉=低 且 行动=正常,行为=从众,0.08321700177101782,0.5110684580934102,1.4134338277165621,0.024341234020746137,1.3057465393419816
情景→行为,峰值=高 且 行动=正常 且 速率=慢,行为=从众,0.051401187623710806,0.5088696369636964,1.407352669475199,0.014877870662313865,1.2999006310112364
情景→行为,峰值=高 且 熟悉=低,行为=从众,0.10244817168455048,0.5075874883864974,1.4038067019194387,0.029469340949184936,1.2965159368671135
情景→行为,峰值=低,行为=跟随引导,0.18087300760495886,0.5424946881639795,1.397586288697273,0.051454875023280944,1.337327786742572
情景→行为,熟悉=低 且 结果=自救 且 行动=缓慢,行为=从众,0.034128555057818526,0.5050878815911194,1.3968936773634766,0.009696806521141486,1.2899677439141346
情景→行为,播报=晚,行为=就近出口,0.0787582039795812,0.23629430518222166,1.393750175398885,0.02225008267510068,1.0874103886380828
情景→行为,峰值=低 且 行动=正常,行为=跟随引导,0.14476507969580166,0.5393153768532175,1.3893956796602347,0.040572241172507295,1.3280985198103603
情景→行为,峰值=高 且 速率=慢,行为=从众,0.06267319512449214,0.5013333333333333,1.3865099304675192,0.017471070172268198,1.2802553519111004
情景→行为,峰值=中 且 结果=自救 且 速率=中,行为=就近出口,0.030169809355141162,0.23483619850794685,1.3851497293091937,0.008388908188458229,1.085338204430914
情景→行为,熟悉=低 且 结果=自救 且 速率=中,行为=从众,0.08240441712678404,0.5003795546558705,1.383872117420105,0.022858151189721038,1.2778113361232368
情景→行为,播报=晚 且 行动=正常,行为=就近出口,0.06292322116887175,0.23423563173815248,1.3816073669992168,0.017379731265848228,1.084487005176176
情景→行为,播报=晚 且 结果=自救 且 进水=出入口,行为=从众,0.03223252422127305,0.49951566031643524,1.3814828925254874,0.00890069405843346,1.2756056847319446
情景→行为,熟悉=低 且 行动=缓慢,行为=从众,0.04065006771538702,0.4992323439099283,1.3806993399767782,0.011208416996505162,1.2748839927170492
情景→行为,结果=自救 且 进水=风亭 且 速率=中,行为=跟随引导,0.04315032815918325,0.5345895715023232,1.3772209599706926,0.011818879238959516,1.314612927938914
情景→行为,熟悉=低 且 结果=自救 且 进水=出入口,行为=跟随引导,0.08119595791228253,0.5320862916439104,1.3707719574583725,0.02196221194126584,1.307579913078802
情景→行为,峰值=低 且 熟悉=低 且 进水=风亭,行为=从众,0.03585790186477758,0.4941142693080678,1.3665445635266056,0.009618068330011588,1.2619859191253726
情景→行为,峰值=中 且 结果=自救 且 速率=中,行为=从众,0.063423273257631,0.49367499189101527,1.3653296782188127,0.016970556181728873,1.2608910454651114
情景→行为,峰值=中 且 行动=正常 且 速率=中,行为=从众,0.054130638608188356,0.49344729344729343,1.3646999452001178,0.014465773962611846,1.2603242674674
情景→行为,播报=无 且 进水=隧道,行为=从众,0.030732367954995312,0.49183061020340113,1.3602287735802832,0.00813883916637538,1.2563146888387051
情景→行为,峰值=中 且 速率=中,行为=从众,0.06654859881237629,0.4913846153846154,1.358995310325263,0.017579630114133694,1.2552130512183446
情景→行为,峰值=低 且 熟悉=高 且 行动=正常,行为=跟随引导,0.060506302739868734,0.5258011950027158,1.3545801585697985,0.015838364591599326,1.2902490678021417
情景→行为,峰值=低 且 熟悉=高,行为=跟随引导,0.07467444525471403,0.525744462373478,1.3544340027705355,0.019541123806813873,1.2900947222728214
情景→行为,播报=晚 且 行动=正常 且 进水=风亭,行为=从众,0.03308677987290343,0.48921749845964263,1.3530018346531374,0.008632430273750276,1.2498875096433324
情景→行为,播报=晚 且 进水=风亭,行为=从众,0.040420877174705695,0.48499999999999993,1.3413377319350004,0.010286127206556403,1.2396517841158614
情景→行为,峰值=中 且 行动=正常,行为=就近出口,0.06069382227315345,0.2267631947687996,1.3375322026457586,0.015316356105912289,1.0740066959934824
情景→行为,峰值=中,行为=就近出口,0.07532034586936139,0.22600812753985616,1.3330785401591982,0.018819289404701386,1.0729589495136223
情景→行为,峰值=高 且 速率=中,行为=跟随引导,0.04310865715178665,0.51725,1.3325503891572732,0.01075816781753395,1.2673942332483386
情景→行为,峰值=高 且 行动=正常 且 速率=中,行为=跟随引导,0.03454526513178456,0.5160286336756924,1.3294038794023004,0.008559734574046081,1.2641957947789977
情景→行为,峰值=中 且 速率=中,行为=就近出口,0.030503177414313992,0.22523076923076923,1.3284933967347632,0.007542447997603147,1.0718824050128997
情景→行为,熟悉=低 且 行动=正常 且 速率=快,行为=从众,0.07425773518074799,0.4792899408284023,1.325545736433051,0.01823723498995846,1.2260578753468638
情景→行为,熟悉=低 且 速率=快,行为=从众,0.09213459735389103,0.47769255698390406,1.3211279400969502,0.022395252240101526,1.2223081967453306
情景→行为,熟悉=低 且 行动=正常 且 进水=出入口,行为=从众,0.06946556933013856,0.4767624767624768,1.318555668561431,0.016782492698321563,1.2201354843006131
情景→行为,播报=晚 且 行动=正常 且 速率=慢,行为=从众,0.044004583810813624,0.4767494356659142,1.3185196015204306,0.010630348221088284,1.2201050745777102
情景→行为,播报=晚 且 结果=自救 且 速率=慢,行为=从众,0.05265131784560892,0.47482149567831644,1.3131876043033766,0.012557033012986288,1.2156260463178095
情景→行为,熟悉=低 且 进水=出入口,行为=从众,0.08675903739972914,0.4736123748862602,1.309843605662444,0.02052285696973699,1.2128337338510213
情景→行为,播报=晚 且 速率=慢,行为=从众,0.054109803104490053,0.4722676850336425,1.3061246711530294,0.012682055585776814,1.209743369345058
情景→行为,峰值=中 且 行动=正常 且 进水=隧道,行为=从众,0.04310865715178665,0.4704411095952706,1.3010730122752685,0.009975499561806503,1.2055706747397608
情景→行为,播报=无 且 行动=正常 且 速率=快,行为=从众,0.04329617668507136,0.4703485740153916,1.3008170917292103,0.010012345345250466,1.2053600490791867
情景→行为,峰值=中 且 进水=隧道,行为=从众,0.05385977706011043,0.4700854700854701,1.3000894397114289,0.012432029541397188,1.2047615847080846
情景→行为,播报=无 且 速率=快,行为=从众,0.05371392853422231,0.46881251136570284,1.2965688880371617,0.012286181015509073,1.2018744463674627
情景→行为,播报=晚 且 进水=隧道 且 速率=快,行为=从众,0.043900406292322114,0.4683262947321627,1.2952241855289932,0.010006346265646199,1.2007753298577297
情景→行为,熟悉=低 且 结果=自救 且 进水=出入口,行为=从众,0.07140327117408063,0.46791370835608953,1.294083118160108,0.016226543982399276,1.1998442336246482
情景→行为,峰值=低 且 进水=风亭,行为=跟随引导,0.05208875924575477,0.4999000199960008,1.28785300374171,0.011642559955605335,1.2234244962292196
情景→行为,熟悉=低 且 结果=自救 且 速率=中,行为=跟随引导,0.08227940410459422,0.4996204453441295,1.287132757610923,0.018354837180110897,1.2227409381692598
情景→行为,峰值=高 且 结果=自救 且 进水=隧道,行为=从众,0.03377435149494739,0.4628783552255854,1.2801571199177117,0.007391377897832688,1.188596056462775
情景→行为,结果=自救 且 进水=隧道 且 速率=快,行为=从众,0.04219189498906136,0.46169630642954856,1.2768879928020158,0.009149141648985663,1.1859860455074405
情景→行为,熟悉=低 且 结果=自救 且 行动=缓慢,行为=跟随引导,0.03344098343577456,0.4949121184088807,1.2750030661854121,0.007212824208029191,1.2113427947889872
情景→行为,结果=自救 且 进水=出入口,行为=跟随引导,0.13982706531930408,0.4940007361059992,1.2726551438221916,0.02995671591784836,1.2091609805756667
情景→行为,峰值=中 且 结果=自救 且 进水=隧道,行为=从众,0.04331701218876966,0.45873786407766987,1.2687059920714396,0.009174340474856511,1.1795036571914954
情景→行为,峰值=低 且 行动=正常 且 进水=风亭,行为=跟随引导,0.04173351390769872,0.4923795476892822,1.2684786039370424,0.008833066254763731,1.2052992808219785
情景→行为,结果=自救 且 行动=正常 且 进水=出入口,行为=跟随引导,0.11176164183769143,0.4922004037438062,1.268017089516048,0.023622733646519956,1.2048740696358375
情景→行为,峰值=低 且 结果=自救 且 进水=隧道,行为=跟随引导,0.054943223252422124,0.48860478043357414,1.258753968701524,0.011294325518181672,1.1964025917554817
情景→行为,结果=自救 且 进水=隧道 且 速率=慢,行为=跟随引导,0.034274403583706634,0.48611111111111105,1.2523297250551677,0.006905889606928853,1.1905969934931284
情景→行为,播报=晚 且 行动=正常 且 进水=出入口,行为=从众,0.030190644858839464,0.4514018691588785,1.2484172358119379,0.006007508009399656,1.1637310317496516
情景→行为,熟悉=低 且 结果=获救,行为=从众,0.04548390457339306,0.4513127971883399,1.2481708943790695,0.009043458174408534,1.1635421157048749
情景→行为,熟悉=低 且 结果=获救 且 行动=正常,行为=从众,0.03660797999791645,0.4512069851052902,1.2478782557409476,0.007271800903923115,1.1633177746297567
情景→行为,播报=晚 且 进水=出入口,行为=从众,0.03756641316803834,0.4508627156789197,1.2469261287893136,0.007439196887381084,1.1625884583833586
情景→行为,峰值=高 且 结果=自救 且 进水=出入口,行为=跟随引导,0.04433795186998646,0.4822116474053932,1.242283844187968,0.008647274511972176,1.1816306084035468
情景→行为,进水=隧道,行为=观望,0.03342014793207626,0.10026880040007502,1.2422305305115127,0.006516809854952312,1.0217310004160658
情景→行为,峰值=中 且 结果=自救 且 行动=正常,行为=就近出口,0.046588186269403066,0.21001221001221002,1.238728772217773,0.008978511484830698,1.0512333442770716
情景→行为,峰值=低 且 行动=正常 且 进水=隧道,行为=跟随引导,0.04396291280341702,0.48009101251422065,1.2368206197326903,0.008417812647406868,1.1768109050382023
情景→行为,峰值=中 且 结果=自救,行为=就近出口,0.057776851755391184,0.20966278542265235,1.2366677382770308,0.011057066022250012,1.050768572059494
情景→行为,峰值=低 且 进水=隧道,行为=跟随引导,0.054943223252422124,0.47954173486088375,1.2354055590256636,0.010469388040158234,1.1755689304637993
情景→行为,结果=自救 且 速率=中,行为=跟随引导,0.14120220856339202,0.4770855332629356,1.229077840523596,0.02631753331512715,1.1700471205519019
情景→行为,播报=晚 且 结果=自救 且 进水=风亭,行为=从众,0.03202416918429003,0.44409130309159206,1.2281988067235772,0.005950076774348858,1.1484272010316392
情景→行为,结果=自救 且 行动=正常 且 速率=中,行为=跟随引导,0.11294926554849463,0.473367097450227,1.2194983275428686,0.020329814584529163,1.161785682471311
情景→行为,进水=隧道 且 速率=慢,行为=跟随引导,0.03435774559849984,0.4712775078593884,1.2141150826468783,0.006059155053362297,1.1571941333979046
情景→行为,播报=晚 且 速率=快,行为=从众,0.05481821023023232,0.43871935967983994,1.213341919317386,0.009638686340484488,1.1374357548756844
情景→行为,播报=晚 且 行动=正常 且 速率=快,行为=从众,0.04404625481821023,0.4377717954027749,1.2107212930941673,0.007666077919161997,1.1355187512818343
情景→行为,峰值=中 且 行动=正常,行为=从众,0.1169288467548703,0.4368675073952981,1.20822035366125,0.02015109723215884,1.133695315407446
情景→行为,峰值=低 且 熟悉=低 且 进水=风亭,行为=跟随引导,0.0338993645171372,0.4671260407694517,1.203419985331714,0.005730175929336671,1.1481787681726907
情景→行为,峰值=中,行为=从众,0.14499427023648298,0.4350734604563926,1.2032586570591541,0.024492938801345995,1.1300950196735946
情景→行为,进水=风亭 且 速率=中,行为=跟随引导,0.043754557766434006,0.4666666666666667,1.2022365360529612,0.007360257265399725,1.1471898114386916
情景→行为,结果=自救 且 行动=缓慢,行为=跟随引导,0.054672361704344204,0.46665481059932423,1.2022059922015333,0.009195661322718478,1.147164309831235
情景→行为,熟悉=低 且 结果=自救,行为=跟随引导,0.22275237003854567,0.4646038850984312,1.1969223545517556,0.03664809252092349,1.1427699026413736
情景→行为,峰值=中 且 结果=自救 且 行动=正常,行为=从众,0.09586415251588708,0.432140509063586,1.1951471552671895,0.015652981788165696,1.1242581642280867
情景→行为,峰值=中 且 结果=自救 且 进水=出入口,行为=从众,0.03596207938326909,0.4318238679009257,1.194271438279643,0.0058499304775959104,1.1236316218723978
情景→行为,峰值=中 且 结果=自救,行为=从众,0.11861652255443275,0.4304400423408438,1.1904442683040681,0.018975971784747123,1.1209016017269269
情景→行为,行动=正常 且 进水=风亭 且 速率=中,行为=跟随引导,0.035045317220543805,0.46183415705656233,1.1897869225941873,0.0055901966817067245,1.1368885151727113
情景→行为,熟悉=低 且 结果=自救 且 进水=风亭,行为=跟随引导,0.07915407854984895,0.4616038882138518,1.1891936991317131,0.012592946744624023,1.1364022746576914
情景→行为,行动=正常 且 进水=出入口 且 速率=快,行为=跟随引导,0.03423273257631003,0.4609988776655443,1.187635058161986,0.00540844657949088,1.1351267015006061
情景→行为,峰值=高 且 播报=无 且 行动=正常,行为=从众,0.039754141056360034,0.4292463442069741,1.1871429232576767,0.006266900154254136,1.1185573011050167
情景→行为,进水=出入口 且 速率=快,行为=跟随引导,0.04310865715178665,0.4599822143174745,1.1850159085435956,0.006730531895419493,1.1329896576042235
情景→行为,结果=自救 且 进水=隧道 且 速率=中,行为=跟随引导,0.05423481612667986,0.45981275393040094,1.1845793411105525,0.008450786096378726,1.13263423109735
情景→行为,熟悉=低 且 结果=自救 且 行动=正常,行为=跟随引导,0.17674757787269507,0.4597582786840822,1.1844390008289063,0.027522858196120964,1.1325200219826268
情景→行为,熟悉=低 且 进水=出入口 且 速率=慢,行为=跟随引导,0.03148244608813418,0.45941015506232896,1.1835421573921887,0.004882256233044901,1.1317907131074185
情景→行为,峰值=低 且 结果=自救 且 速率=快,行为=从众,0.04777580998020627,0.4273201639955274,1.1818157929563984,0.007350042897933999,1.1147950891266978
情景→行为,峰值=低 且 熟悉=低 且 行动=正常,行为=从众,0.06542348161266799,0.42663043478260876,1.1799082469396858,0.009975541671273298,1.1134540574674792
情景→行为,峰值=高 且 播报=无,行为=从众,0.04877591415772476,0.4256363636363636,1.1771589992351774,0.007340632951519488,1.1115269637569414
情景→行为,峰值=中 且 行动=正常 且 进水=出入口,行为=从众,0.03206584019168664,0.4256084070796461,1.1770816813292388,0.004824026220479678,1.1114728639633715
情景→行为,峰值=中 且 进水=出入口,行为=从众,0.03983748307115324,0.42507781236104936,1.1756142448005396,0.005950956731969367,1.1104470875293388
情景→行为,结果=自救 且 进水=风亭,行为=跟随引导,0.1258047713303469,0.456145652338143,1.1751320764342015,0.018748914500971173,1.124997103969178
情景→行为,熟悉=低 且 结果=自救 且 速率=慢,行为=跟随引导,0.08505052609646838,0.4543633125556545,1.1705403749924121,0.01239132705173683,1.1213222647588963
情景→行为,结果=自救,行为=跟随引导,0.3804146265235962,0.45358109954537545,1.1685252212925548,0.054863564730677716,1.119717062480058
情景→行为,峰值=低 且 熟悉=低,行为=从众,0.08067507031982499,0.42155688622754495,1.1658766137196623,0.011478150705462181,1.1036879057234439
情景→行为,结果=自救 且 进水=出入口 且 速率=慢,行为=跟随引导,0.053630586519429105,0.4519754170324846,1.1643886280447717,0.007571577329786833,1.1164363517920919
情景→行为,结果=自救 且 行动=正常 且 进水=风亭,行为=跟随引导,0.10067715387019481,0.4515043917024855,1.1631751626280618,0.014123419656401723,1.1154776024546849
情景→行为,结果=自救 且 行动=正常,行为=跟随引导,0.30419835399520784,0.4508120792935219,1.1613916127585928,0.0422726171004309,1.114071418966332
情景→行为,结果=自救 且 进水=出入口 且 速率=中,行为=跟随引导,0.04381706427752891,0.45032119914346896,1.1601269969345567,0.006047867979788887,1.1130765187728742
情景→行为,峰值=低 且 行动=正常 且 速率=快,行为=从众,0.03850401083446192,0.4187627464309993,1.1581490154982028,0.005257847932101219,1.09838222670612
情景→行为,熟悉=高 且 结果=自救 且 进水=出入口,行为=跟随引导,0.058631107407021564,0.4494489698131289,1.1578799412872314,0.00799450397658253,1.1113130891662544
情景→行为,结果=自救 且 速率=慢,行为=跟随引导,0.14274403583706635,0.448833857442348,1.1562952757888079,0.01929456853755808,1.1100728416688577
情景→行为,熟悉=高 且 结果=自救 且 速率=中,行为=跟随引导,0.058922804458797794,0.4488176479923822,1.1562535166609975,0.00796269613501624,1.1100401960841073
情景→行为,熟悉=低 且 进水=出入口,行为=跟随引导,0.08205021356391291,0.4479071883530482,1.1539079712831213,0.010943838007225482,1.1082096219935695
情景→行为,结果=自救 且 进水=风亭 且 速率=慢,行为=从众,0.05375559954161892,0.4171382376717866,1.1536562012825513,0.007159742403368079,1.095320897822372
情景→行为,峰值=低 且 速率=快,行为=从众,0.04777580998020627,0.4169090909090909,1.153022462728006,0.006340528774001,1.0948904516707758
情景→行为,熟悉=高 且 结果=自救 且 进水=风亭,行为=跟随引导,0.046650692780497965,0.44717395646095465,1.1520190037758196,0.006155967756347157,1.1067397660642637
情景→行为,峰值=低 且 熟悉=低 且 结果=自救,行为=从众,0.07475778726950724,0.4157589803012746,1.1498416652967427,0.00974206421322514,1.0927350995465572
情景→行为,熟悉=低 且 行动=正常 且 进水=出入口,行为=跟随引导,0.06498593603500365,0.44601744601744603,1.1490395771125776,0.008429193056396375,1.1044293032374144
情景→行为,结果=自救 且 行动=正常 且 速率=慢,行为=跟随引导,0.11434524429628086,0.4459250832859348,1.1488016302903081,0.014810876237118867,1.104245197976319
情景→行为,峰值=中 且 行动=正常 且 进水=风亭,行为=从众,0.041754349411397024,0.4147350993377484,1.1470099742258402,0.00535157144987268,1.090823434136011
情景→行为,峰值=中 且 结果=自救 且 速率=慢,行为=从众,0.03977497656005834,0.41383047908085846,1.1445081159090584,0.005022076159290172,1.0891399945507145
情景→行为,行动=正常 且 进水=风亭 且 速率=慢,行为=从众,0.04504635899572872,0.41204497808271395,1.1395700543436589,0.00551710072500889,1.0858324957201952
情景→行为,峰值=高 且 结果=自救,行为=就近出口,0.0480883425356808,0.19300886435858838,1.1384368249834642,0.005847665248753367,1.0290838024470381
情景→行为,熟悉=高 且 结果=自救 且 速率=慢,行为=跟随引导,0.057693509740597976,0.4409235668789808,1.1359166179472187,0.006903241485821242,1.0943665836263146
情景→行为,峰值=中 且 进水=风亭,行为=从众,0.051297010105219296,0.4104701567189063,1.135214657815138,0.006109952527979433,1.082931892415264
情景→行为,熟悉=低 且 速率=慢,行为=跟随引导,0.08580060422960725,0.4405691665775115,1.135003604395473,0.010205598277792258,1.0936733006966228
情景→行为,峰值=高 且 结果=自救 且 行动=正常,行为=就近出口,0.03858735284925513,0.19235562941420856,1.1345838065300404,0.004577213953240976,1.0282514639513634
情景→行为,熟悉=高 且 结果=自救 且 行动=正常,行为=跟随引导,0.12745077612251277,0.43896663078579123,1.1308751177973189,0.014749758904309948,1.0905493321325603
情景→行为,熟悉=高 且 结果=自救,行为=跟随引导,0.15766225648505053,0.43887020067277577,1.1306266925007984,0.01821547220975428,1.0903619213134013
情景→行为,峰值=中 且 行动=正常 且 速率=慢,行为=从众,0.033920200020835505,0.4072036018009004,1.126180527165738,0.003800517427670288,1.0769644868949517
情景→行为,峰值=中 且 速率=慢,行为=从众,0.04219189498906136,0.40532425940752603,1.1209829336328345,0.004553592278842895,1.0735609765813077
情景→行为,熟悉=低 且 行动=正常 且 速率=慢,行为=跟随引导,0.06834045213043026,0.4350709643188752,1.120839019457027,0.00736786735769749,1.0830290664082394
情景→行为,熟悉=低 且 结果=自救 且 速率=快,行为=跟随引导,0.05542243983748307,0.43442756818552997,1.119181488731321,0.005901928289075757,1.0817970107520043
情景→行为,进水=风亭 且 速率=慢,行为=从众,0.054776539222835714,0.4045237728881366,1.1187690722465204,0.0058151042120851495,1.0721178105062084
情景→行为,结果=自救 且 行动=正常 且 进水=隧道,行为=从众,0.09088446713199291,0.40441312812905617,1.1184630681430245,0.009626113842878342,1.0719186385256767
情景→行为,进水=隧道 且 速率=中,行为=跟随引导,0.05423481612667986,0.4339056509418236,1.1178369144902214,0.005717169747634379,1.0807996354645795
情景→行为,峰值=高 且 结果=自救 且 进水=风亭,行为=从众,0.034024377539327015,0.4039079891169923,1.1170660330569346,0.00356567900902012,1.0710102755344069
情景→行为,进水=出入口 且 速率=慢,行为=跟随引导,0.054109803104490053,0.43283333333333335,1.1150743871891216,0.00558406910311101,1.0787562141063218
情景→行为,结果=自救 且 进水=隧道,行为=从众,0.1126784040004167,0.4026505844687663,1.1135884984198707,0.01149344729486343,1.0687558273609585
情景→行为,行动=正常 且 进水=出入口 且 速率=慢,行为=跟随引导,0.043442025210959474,0.4322139303482587,1.1134786681194138,0.004427335073850722,1.0775793891454786
情景→行为,行动=正常 且 进水=隧道 且 速率=中,行为=跟随引导,0.043358683196166266,0.43219106957424713,1.1134197737099296,0.004416781660059585,1.0775360043067153
情景→行为,峰值=中 且 结果=自救 且 进水=风亭,行为=从众,0.039337430982394,0.4019586970406643,1.1116749835465414,0.003951700832294694,1.0675193597173316
情景→行为,速率=慢,行为=跟随引导,0.14382748202937806,0.4314914364295537,1.1116173640062494,0.014441699937034397,1.0762099382603592
情景→行为,峰值=高 且 结果=自救 且 行动=正常,行为=从众,0.08055005729763517,0.40153718321562115,1.1105092260247629,0.008015714124299828,1.0667674764657709
情景→行为,结果=自救 且 行动=正常 且 速率=中,行为=就近出口,0.0447963329513491,0.18774013272790777,1.1073599201518904,0.004343060139014851,1.0224086402248997
情景→行为,熟悉=低 且 速率=中,行为=跟随引导,0.08277945619335347,0.42979229770662053,1.1072400068936796,0.008017475341895494,1.0730029840702475
情景→行为,结果=自救 且 速率=快,行为=跟随引导,0.09646838212313782,0.42933976261127593,1.1060741764105306,0.009251462877992556,1.0721520898325076
情景→行为,行动=正常 且 速率=慢,行为=跟随引导,0.11528284196270445,0.4291475994725821,1.10557912166863,0.011009127216074457,1.071791176730366
情景→行为,结果=自救 且 行动=正常 且 进水=隧道,行为=就近出口,0.04208771747056985,0.1872798071574263,1.1046447516923528,0.003987036318470895,1.0218295468976741
情景→行为,结果=自救 且 进水=隧道,行为=就近出口,0.05238045629753099,0.18717891445164173,1.1040496496382628,0.004936524482785858,1.0217027106852896
情景→行为,结果=自救 且 行动=正常 且 速率=快,行为=跟随引导,0.07690384415043233,0.42784281905645066,1.1022177187662023,0.007131926278782827,1.0693470019753206
情景→行为,熟悉=低 且 进水=隧道 且 速率=中,行为=跟随引导,0.031857485154703616,0.4278119753777281,1.102138258628774,0.0029523229345488344,1.06928935904336
情景→行为,峰值=高 且 熟悉=高 且 结果=自救,行为=跟随引导,0.04433795186998646,0.42756680731364277,1.1015066514770953,0.004085855515842542,1.0688313918858767
行为→结果,行为=观望,结果=获救,0.08071674132722159,1.0,6.199302505812451,0.06769644731002501,inf
行为→结果,峰值=高 且 行为=观望,结果=获救,0.06579852067923742,1.0,6.199302505812451,0.05518466200440345,inf
行为→结果,行为=观望 且 行动=正常,结果=获救,0.06529846859047818,1.0,6.199302505812451,0.05476527255281838,inf
行为→结果,峰值=高 且 行为=观望 且 行动=正常,结果=获救,0.0535055734972393,1.0,6.199302505812451,0.04487467131960357,inf
行为→结果,行为=观望 且 行动=正常 且 速率=快,结果=获救,0.0535889155120325,1.0,6.199302505812451,0.04494456956153441,inf
行为→结果,播报=无 且 行为=观望,结果=获救,0.05158870715699552,1.0,6.199302505812451,0.043267011755194096,inf
行为→结果,播报=无 且 行为=观望 且 行动=正常,结果=获救,0.04098343577455985,1.0,6.199302505812451,0.03437246046949386,inf
行为→结果,峰值=高 且 播报=无 且 行为=观望,结果=获救,0.036670486509011356,1.0,6.199302505812451,0.030755226449572542,inf
行为→结果,播报=无 且 行为=观望 且 速率=快,结果=获救,0.03658714449421815,1.0,6.199302505812451,0.030685328207641693,inf
行为→结果,熟悉=高 且 行为=观望,结果=获救,0.030128138347744558,1.0,6.199302505812451,0.025268214458001075,inf
行为→结果,熟悉=低 且 行为=观望,结果=获救,0.05058860297947703,1.0,6.199302505812451,0.042428232852023934,inf
行为→结果,峰值=高 且 熟悉=低 且 行为=观望,结果=获救,0.041483487863319096,1.0,6.199302505812451,0.034791849921078935,inf
行为→结果,熟悉=低 且 行为=观望 且 行动=正常,结果=获救,0.04075424523387853,1.0,6.199302505812451,0.034180240304184026,inf
行为→结果,播报=无 且 熟悉=低 且 行为=观望,结果=获救,0.030107302844046255,1.0,6.199302505812451,0.025250739897518366,inf
行为→结果,熟悉=低 且 行为=观望 且 速率=快,结果=获救,0.04185852692988853,1.0,6.199302505812451,0.03510639200976774,inf
行为→结果,水深=深 且 熟悉=低 且 行为=观望,结果=获救,0.03671215751640796,1.0,6.199302505812451,0.030790175570537964,inf
行为→结果,行为=观望 且 速率=快,结果=获救,0.06571517866444421,1.0,6.199302505812451,0.0551147637624726,inf
行为→结果,峰值=高 且 行为=观望 且 速率=快,结果=获救,0.061464735909990624,1.0,6.199302505812451,0.05154995342399943,inf
行为→结果,水深=深 且 行为=观望,结果=获救,0.05786019377018439,1.0,6.199302505812451,0.04852685446049031,inf
行为→结果,水深=深 且 行为=观望 且 速率=快,结果=获救,0.05786019377018439,1.0,6.199302505812451,0.04852685446049031,inf
行为→结果,峰值=高 且 水深=深 且 行为=观望,结果=获救,0.05786019377018439,1.0,6.199302505812451,0.04852685446049031,inf
行为→结果,水深=深 且 行为=观望 且 行动=正常,结果=获救,0.04733826440254193,1.0,6.199302505812451,0.039702201416720914,inf
行为→结果,行为=观望 且 进水=隧道,结果=获救,0.03342014793207626,1.0,6.199302505812451,0.028029195014269523,inf
行为→结果,行为=观望 且 进水=隧道 且 速率=快,结果=获救,0.030503177414313992,1.0,6.199302505812451,0.025582756546689886,inf
行为→结果,峰值=高 且 行为=观望 且 进水=隧道,结果=获救,0.030503177414313992,1.0,6.199302505812451,0.025582756546689886,inf
行为→结果,峰值=高 且 行为=跟随引导 且 速率=中,结果=自救,0.04310865715178665,1.0,1.1923334906715026,0.006953791513056196,inf
行为→结果,峰值=高 且 行为=跟随引导 且 进水=风亭,结果=自救,0.03264923429523909,1.0,1.1923334906715026,0.005266598018829897,inf
行为→结果,水深=浅 且 行为=跟随引导 且 速率=中,结果=自救,0.11753307636212106,1.0,1.1923334906715026,0.018959080679144508,inf
行为→结果,水深=浅 且 行为=跟随引导 且 进水=出入口,结果=自救,0.09567663298260236,1.0,1.1923334906715026,0.015433451245990354,inf
行为→结果,峰值=高 且 水深=浅 且 行为=跟随引导,结果=自救,0.07511199083237838,1.0,1.1923334906715026,0.012116200292202797,inf
行为→结果,峰值=低 且 水深=浅 且 行为=跟随引导,结果=自救,0.12184602562766955,1.0,1.1923334906715026,0.019654795924771692,inf
行为→结果,水深=浅 且 行为=跟随引导 且 进水=隧道,结果=自救,0.08355036983019065,1.0,1.1923334906715026,0.013477382294516838,inf
行为→结果,水深=浅 且 行为=跟随引导 且 速率=慢,结果=自救,0.08938431086571517,1.0,1.1923334906715026,0.0144184463948821,inf
行为→结果,水深=干 且 行为=跟随引导,结果=自救,0.07254922387748723,1.0,1.1923334906715026,0.011702804276685193,inf
行为→结果,水深=干 且 行为=跟随引导 且 行动=正常,结果=自救,0.056193353474320244,1.0,1.1923334906715026,0.009064463852446865,inf
行为→结果,水深=干 且 熟悉=低 且 行为=跟随引导,结果=自救,0.046838212313782684,1.0,1.1923334906715026,0.007555400348646844,inf
行为→结果,峰值=低 且 水深=干 且 行为=跟随引导,结果=自救,0.042691947077820605,1.0,1.1923334906715026,0.006886572648744392,inf
行为→结果,水深=干 且 行为=跟随引导 且 速率=慢,结果=自救,0.041671007396603815,1.0,1.1923334906715026,0.00672188643118047,inf
行为→结果,播报=早 且 水深=干 且 行为=跟随引导,结果=自救,0.04990103135743307,1.0,1.1923334906715026,0.008049459001338612,inf
行为→结果,峰值=低 且 行为=从众 且 速率=快,结果=自救,0.04777580998020627,1.0,1.1923334906715026,0.0077066427933484075,inf
行为→结果,峰值=低 且 行为=跟随引导 且 进水=隧道,结果=自救,0.054943223252422124,1.0,1.1923334906715026,0.008862807259511447,inf
行为→结果,行为=跟随引导 且 进水=隧道 且 速率=中,结果=自救,0.05423481612667986,1.0,1.1923334906715026,0.00874853519018138,inf
行为→结果,峰值=高 且 行为=从众 且 进水=隧道,结果=自救,0.03377435149494739,1.0,1.1923334906715026,0.005448088952471772,inf
行为→结果,峰值=高 且 行为=从众 且 速率=慢,结果=自救,0.06265235962079384,0.9996675531914894,1.1919371032078485,0.010088881688797124,485.21587665382486
行为→结果,水深=浅 且 行为=跟随引导 且 行动=缓慢,结果=自救,0.03706636107927909,0.999438202247191,1.1916636403958445,0.005961643420052315,287.12907594542725
行为→结果,水深=浅 且 熟悉=低 且 行为=跟随引导,结果=自救,0.15357849776018334,0.9990512333965844,1.1912022444754196,0.024651190518736626,170.01912699239045
行为→结果,水深=浅 且 行为=跟随引导,结果=自救,0.2699031149078029,0.9989974550782756,1.191138122785428,0.04331048912848065,160.8989942862669
行为→结果,水深=浅 且 行为=跟随引导 且 行动=正常,结果=自救,0.2174393165954787,0.9989470661433905,1.1910780423708052,0.03488258323258986,153.19905293165203
行为→结果,水深=浅 且 熟悉=高 且 行为=跟随引导,结果=自救,0.11632461714761955,0.9989264626945786,1.1910534761887634,0.01865929860974401,150.2588394624433
行为→结果,播报=早 且 水深=浅 且 行为=跟随引导,结果=自救,0.2480466715282842,0.9989092129551939,1.1910329087467897,0.0397848596953265,147.88264162132742
行为→结果,峰值=高 且 熟悉=高 且 行为=跟随引导,结果=自救,0.04433795186998646,0.9985922102299389,1.190654935780834,0.007099663481327886,114.58278292877247
行为→结果,峰值=高 且 行为=跟随引导 且 行动=正常,结果=自救,0.08146681946036045,0.9982129180495277,1.19020269301138,0.013018966049578834,90.26361079279191
行为→结果,峰值=高 且 行为=跟随引导,结果=自救,0.10207313261798104,0.9977596741344196,1.1896622751119534,0.016273040647866735,72.00223508130644
行为→结果,峰值=中 且 行为=跟随引导 且 速率=慢,结果=自救,0.036003750390665695,0.997690531177829,1.1895798336491665,0.0057378116346090795,69.84656735076331
行为→结果,行为=跟随引导 且 进水=隧道 且 速率=慢,结果=自救,0.034274403583706634,0.9975742874469375,1.189441232355744,0.005458853347715089,66.49941660589667
行为→结果,峰值=高 且 播报=早 且 行为=跟随引导,结果=自救,0.09350974059797895,0.9975550122249388,1.1894182498630148,0.014891692986259142,65.9751640795898
行为→结果,峰值=高 且 熟悉=低 且 行为=跟随引导,结果=自救,0.05773518074799458,0.9971212666426772,1.1889010804788536,0.009173377166538849,56.03452963850348
行为→结果,水深=浅 且 行为=跟随引导 且 进水=风亭,结果=自救,0.09067611209500989,0.9970217640320733,1.1887824401838212,0.014399655587973445,54.16242076498371
行为→结果,播报=早 且 行为=跟随引导 且 速率=慢,结果=自救,0.103864985936035,0.997,1.1887564901994883,0.01649218352247664,53.769489877417726
行为→结果,峰值=低 且 行为=跟随引导 且 速率=中,结果=自救,0.06321491822064798,0.9967148488830486,1.1884164949728446,0.010022356111273653,49.10229815605792
行为→结果,峰值=低 且 行为=从众 且 进水=隧道,结果=自救,0.03558704031669965,0.9964994165694282,1.1881596278103421,0.005635643649331848,46.080452824946505
行为→结果,峰值=中 且 水深=浅 且 行为=跟随引导,结果=自救,0.07294509844775497,0.9963005122367672,1.1879224675130708,0.01153949291150616,43.60292017597952
行为→结果,播报=无 且 行为=从众 且 进水=隧道,结果=自救,0.0306073549328055,0.9959322033898305,1.1874833205399575,0.004832378220805785,39.65499878459515
行为→结果,水深=浅 且 行为=跟随引导 且 速率=快,结果=自救,0.06298572767996666,0.9957180500658761,1.1872279783596682,0.009932962054454021,37.67173183103965
行为→结果,行为=跟随引导 且 进水=出入口 且 速率=中,结果=自救,0.04381706427752891,0.9952673923331757,1.1866906440521394,0.006893317977559155,34.08447963329626
行为→结果,峰值=高 且 行为=跟随引导 且 进水=出入口,结果=自救,0.04433795186998646,0.9948574100046752,1.1862018083912846,0.006959866997466195,31.367165140308902
行为→结果,熟悉=高 且 行为=跟随引导 且 速率=中,结果=自救,0.058922804458797794,0.9947238832219487,1.1860425999363382,0.00924262900644851,30.573331944300133
行为→结果,行为=跟随引导 且 行动=正常 且 速率=中,结果=自救,0.11294926554849463,0.9944964226747385,1.1857713911080932,0.017695436357233307,29.309748932179886
行为→结果,行为=跟随引导 且 速率=中,结果=自救,0.14120220856339202,0.9942781690140845,1.1855111599590338,0.022095604313229253,28.191757154190704
行为→结果,熟悉=高 且 行为=跟随引导 且 速率=慢,结果=自救,0.057693509740597976,0.9942549371633752,1.1854834598453827,0.00902685879624597,28.07775549536401
行为→结果,播报=早 且 行为=跟随引导 且 速率=中,结果=自救,0.1346181893947286,0.994,1.1851794897274737,0.021033546257102742,26.884744938708863
行为→结果,熟悉=低 且 行为=跟随引导 且 速率=中,结果=自救,0.08227940410459422,0.9939592247671784,1.1851308720517906,0.012852975306780756,26.703272910372142
行为→结果,峰值=低 且 播报=早 且 行为=跟随引导,结果=自救,0.14491092822168977,0.9935714285714287,1.1846684896600432,0.02258900484270808,25.092428609461976
行为→结果,峰值=高 且 行为=跟随引导 且 速率=慢,结果=自救,0.034586936139181165,0.9934171154997007,1.1844844970165735,0.005386945572569961,24.50422297777196
行为→结果,水深=中 且 行为=就近出口 且 速率=慢,结果=自救,0.04521304302531514,0.9926806953339433,1.1836064385897351,0.007013653810107427,22.03876966350674
行为→结果,行为=跟随引导 且 速率=慢,结果=自救,0.14274403583706635,0.9924670433145009,1.1833516941316042,0.022117144824907675,21.413699343681404
行为→结果,峰值=低 且 熟悉=高 且 行为=跟随引导,结果=自救,0.07411188665485988,0.9924665178571428,1.1833510676111982,0.011483061884821247,21.41220574674041
行为→结果,行为=跟随引导 且 行动=正常 且 速率=慢,结果=自救,0.11434524429628086,0.9918669799385504,1.1826362184719332,0.01765850114543717,19.83377249944999
行为→结果,熟悉=低 且 行为=跟随引导 且 进水=隧道,结果=自救,0.06240233357641421,0.9913935782853361,1.1820717658262665,0.00961168635814226,18.742803336886396
行为→结果,熟悉=低 且 行为=跟随引导 且 速率=慢,结果=自救,0.08505052609646838,0.9912578921806702,1.1819099827394546,0.013090286028661705,18.451896609600418
行为→结果,行为=跟随引导 且 进水=出入口 且 速率=慢,结果=自救,0.053630586519429105,0.9911436272622256,1.1817737408503841,0.008249152945826892,18.213830244998253
行为→结果,行为=跟随引导 且 进水=隧道,结果=自救,0.1147827898739452,0.9908273381294964,1.1813966187246958,0.017624233590068317,17.585786101084896
行为→结果,行为=跟随引导 且 行动=正常 且 进水=隧道,结果=自救,0.0917595582873216,0.9907761529808774,1.1813355889577724,0.014085136941668214,17.488198719886995
行为→结果,播报=早 且 行为=跟随引导 且 进水=出入口,结果=自救,0.12382539847900823,0.9906651108518085,1.181203189708408,0.0189955101432209,17.280169809354938
行为→结果,行为=跟随引导 且 进水=风亭 且 速率=慢,结果=自救,0.05483904573393062,0.99059089198344,1.1811146960660124,0.008409138531365705,17.14386415251588
行为→结果,峰值=低 且 行为=跟随引导,结果=自救,0.1791644963016981,0.990554083630918,1.181070808234564,0.027467836751278063,17.077058839970473
行为→结果,熟悉=高 且 行为=跟随引导 且 进水=出入口,结果=自救,0.058631107407021564,0.9904963041182683,1.1810019157865572,0.008985881075637706,16.973235637971655
行为→结果,行为=跟随引导 且 行动=正常 且 进水=出入口,结果=自救,0.11176164183769143,0.9903988183161004,1.1808856801997674,0.01711942226332501,16.800897529390067
行为→结果,峰值=低 且 行为=跟随引导 且 行动=正常,结果=自救,0.1433482654443171,0.9902130109383994,1.1806641358405205,0.021935019210436404,16.481930103012974
行为→结果,水深=中 且 行为=从众 且 速率=慢,结果=自救,0.10734451505365142,0.9901979627138189,1.180646193338378,0.016424376862102588,16.45662681365898
行为→结果,熟悉=高 且 行为=跟随引导 且 进水=隧道,结果=自救,0.05238045629753099,0.9901536037810161,1.1805933026971869,0.008012547231926057,16.382488175851623
行为→结果,峰值=低 且 行为=跟随引导 且 进水=风亭,结果=自救,0.051567871653297216,0.9899999999999999,1.1804101557647875,0.007881470446518032,16.13084696322514
行为→结果,行为=跟随引导 且 进水=出入口,结果=自救,0.13982706531930408,0.9899690219796429,1.1803732196336412,0.02136701980700166,16.081031112309258
行为→结果,播报=早 且 行为=跟随引导 且 进水=隧道,结果=自救,0.10311490780289613,0.9897999999999999,1.1801716890666532,0.015742105389337763,15.814555846299193
行为→结果,熟悉=低 且 行为=跟随引导 且 进水=出入口,结果=自救,0.08119595791228253,0.9895886236668359,1.1799196579854865,0.012381138731363955,15.4934817905319
行为→结果,峰值=低 且 行为=跟随引导 且 速率=慢,结果=自救,0.0721533493072195,0.9894285714285715,1.179728822341547,0.01099238761772866,15.258909289537645
行为→结果,峰值=低 且 熟悉=低 且 行为=跟随引导,结果=自救,0.10505260964683821,0.9892093388267609,1.179467423968161,0.01598477486645683,14.948895813010871
行为→结果,峰值=中 且 行为=就近出口 且 速率=中,结果=自救,0.030169809355141162,0.9890710382513661,1.1793025235603387,0.004587052808451272,14.759724971351162
行为→结果,行为=跟随引导 且 进水=风亭 且 速率=中,结果=自救,0.04315032815918325,0.9861904761904762,1.1758679329431818,0.00645375114548874,11.680958145783846
行为→结果,播报=晚 且 行为=跟随引导,结果=自救,0.05404729659339515,0.9859369061193463,1.1755655928551418,0.008071727963380737,11.470340097363744
行为→结果,播报=晚 且 熟悉=低 且 行为=跟随引导,结果=自救,0.032961766850713614,0.9844430616054759,1.1737844320113981,0.004880148154995954,10.368908427961149
行为→结果,峰值=低 且 行为=跟随引导 且 进水=出入口,结果=自救,0.07265340139597874,0.9839164785553046,1.173156569405059,0.01072355904524857,10.02942484871406
行为→结果,播报=晚 且 行为=跟随引导 且 行动=正常,结果=自救,0.04275445358891551,0.9837008628954937,1.1728994836327533,0.006302520421978965,9.896749048614115
行为→结果,峰值=低 且 行为=跟随引导 且 速率=快,结果=自救,0.04379622877383061,0.9836218998596162,1.1728053333605515,0.006453093022275765,9.84903427440355
行为→结果,行为=跟随引导 且 进水=出入口 且 速率=快,结果=自救,0.04237941452234608,0.9830836152730787,1.1721635186205106,0.0062245488836156285,9.535634961975184
行为→结果,峰值=中 且 行为=跟随引导 且 速率=中,结果=自救,0.03487863319095739,0.9829712272460362,1.1720295146119173,0.005119456688899408,9.472700820128443
行为→结果,熟悉=高 且 行为=跟随引导 且 行动=正常,结果=自救,0.12745077612251277,0.9815468549422337,1.1703311878109086,0.018549315194253624,8.741516371723534
行为→结果,行为=从众 且 进水=风亭 且 速率=慢,结果=自救,0.05375559954161892,0.9813617344998098,1.1701104625075986,0.007814980032569932,8.65469319720803
行为→结果,熟悉=高 且 行为=跟随引导,结果=自救,0.15766225648505053,0.9810709192272786,1.169763713718561,0.022880971481895412,8.521727577216234
行为→结果,播报=晚 且 行为=跟随引导 且 速率=慢,结果=自救,0.03887904990103136,0.9805570152390961,1.1691509687824613,0.005624961302431043,8.296486965139923
行为→结果,水深=中 且 行为=从众 且 进水=隧道,结果=自救,0.1037816439212418,0.9805118110236221,1.1690970702824321,0.015010876669066503,8.277242684160074
行为→结果,行为=跟随引导 且 行动=正常,结果=自救,0.30419835399520784,0.9801288936627283,1.1686405050888788,0.04389730104473477,8.117739742033942
行为→结果,行为=跟随引导,结果=自救,0.3804146265235962,0.9800322061191625,1.1685252212925548,0.054863564730677716,8.078432229163608
行为→结果,播报=早 且 熟悉=高 且 行为=跟随引导,结果=自救,0.136576726742369,0.979967110180894,1.1684476052252504,0.019689391673510623,8.052181741568223
行为→结果,熟悉=低 且 行为=跟随引导 且 行动=缓慢,结果=自救,0.03344098343577456,0.9798534798534798,1.1683121199803186,0.004817653365092843,8.00676585629183
行为→结果,播报=早 且 行为=跟随引导 且 行动=正常,结果=自救,0.26144390040629234,0.9795472287275566,1.1679469665063245,0.03759478062275581,7.886875938889951
行为→结果,熟悉=低 且 行为=跟随引导,结果=自救,0.22275237003854567,0.9792983420353576,1.167650210567833,0.03198259324878233,7.792055588386286
行为→结果,熟悉=低 且 行为=跟随引导 且 行动=正常,结果=自救,0.17674757787269507,0.9791089566020313,1.167424399973033,0.025347985850481147,7.721417573999113
行为→结果,播报=早 且 行为=跟随引导,结果=自救,0.32636732993020107,0.9790611913244578,1.1673674478328906,0.046791836767297035,7.703803598944544
行为→结果,行为=跟随引导 且 行动=缓慢,结果=自救,0.054672361704344204,0.9787392763894069,1.1669836178746822,0.007823065050194214,7.587158019018793
行为→结果,播报=早 且 熟悉=低 且 行为=跟随引导,结果=自救,0.18979060318783206,0.9784103114930182,1.1665913820114626,0.027102445093786398,7.471551503862046
行为→结果,峰值=低 且 播报=晚 且 行为=跟随引导,结果=自救,0.03425356808000833,0.9779892920880429,1.166089386474688,0.0048788319085700145,7.328636147346438
行为→结果,熟悉=低 且 行为=从众 且 速率=慢,结果=自救,0.10213563912907594,0.9768832204065365,1.1647705801657446,0.014448294626828784,6.9779819018504226
行为→结果,峰值=高 且 水深=中 且 行为=就近出口,结果=自救,0.04527554953641004,0.976629213483146,1.1644677192041237,0.006394652462376568,6.902141248687748
行为→结果,播报=早 且 行为=跟随引导 且 行动=缓慢,结果=自救,0.04610896968434212,0.9761799735333039,1.1639320753665794,0.006494141070034758,6.771968530672547
行为→结果,行为=从众 且 行动=正常 且 速率=慢,结果=自救,0.10182310657360141,0.9733120892252539,1.16051260085872,0.014083338389906108,6.044252433011518
行为→结果,播报=晚 且 行为=从众 且 速率=慢,结果=自救,0.05265131784560892,0.9730458221024259,1.1601951216507074,0.007269884272006706,5.984544223356592
行为→结果,行为=从众 且 进水=出入口 且 速率=慢,结果=自救,0.045421398062298154,0.9727800089245873,1.1598781836965086,0.0062609080205413,5.9261029581291815
行为→结果,行为=从众 且 速率=慢,结果=自救,0.12480466715282842,0.9727184150698278,1.1598047432806595,0.017196323700289937,5.9127235475917495
行为→结果,播报=无 且 行为=从众 且 速率=慢,结果=自救,0.0721533493072195,0.9724796405504073,1.1595200444244353,0.009926439428283244,5.861423064902606
行为→结果,峰值=中 且 行为=跟随引导 且 进水=隧道,结果=自救,0.03475362016876758,0.9703315881326353,1.156958849587008,0.004714850698986219,5.4370442999577255
行为→结果,熟悉=低 且 行为=跟随引导 且 进水=风亭,结果=自救,0.07915407854984895,0.9598281960586156,1.1444353034515005,0.009989768159276158,4.015464923298493
行为→结果,行为=跟随引导 且 进水=风亭,结果=自救,0.1258047713303469,0.9597838181529167,1.14438239018829,0.015872311333607766,4.011033922752969
行为→结果,熟悉=高 且 行为=跟随引导 且 进水=风亭,结果=自救,0.046650692780497965,0.9597085297899699,1.1442926213516906,0.005882543174331636,4.003538932468575
行为→结果,行为=跟随引导 且 行动=正常 且 进水=风亭,结果=自救,0.10067715387019481,0.959682224428997,1.1442612565888184,0.012692741839741548,4.000926820681746
行为→结果,播报=晚 且 水深=中 且 行为=从众,结果=自救,0.13595166163141995,0.9594177326863697,1.1439458942260778,0.017107175788497853,3.974851094090416
行为→结果,水深=中 且 熟悉=高 且 行为=从众,结果=自救,0.043087821648088345,0.9551963048498845,1.1389125444381836,0.005255398203017576,3.600338523235342
行为→结果,播报=无 且 行为=就近出口 且 速率=慢,结果=自救,0.03112824252526305,0.9546325878594248,1.138240405791198,0.0037805553698192808,3.5556021827390984
行为→结果,播报=早 且 行为=跟随引导 且 进水=风亭,结果=自救,0.0994270236482967,0.9543999999999999,1.1379630834968821,0.01205422123473833,3.537466439303794
行为→结果,峰值=中 且 行为=从众 且 速率=中,结果=自救,0.063423273257631,0.9530369442705071,1.136337866500956,0.0076095270758499214,3.434795013369441
行为→结果,峰值=高 且 水深=中 且 行为=从众,结果=自救,0.09898947807063235,0.9517227564102563,1.134770916302145,0.011756472140935684,3.341294109561022
行为→结果,峰值=中 且 熟悉=低 且 行为=跟随引导,结果=自救,0.059964579643712886,0.9463992107859257,1.128423474565138,0.006824441215786695,3.009442062280261
行为→结果,行为=就近出口 且 行动=正常 且 速率=慢,结果=自救,0.040254193145119285,0.945668135095448,1.1275517885351658,0.004553666078939339,2.968947778907156
行为→结果,峰值=中 且 行为=跟随引导 且 行动=正常,结果=自救,0.07938326909053027,0.945174894567105,1.1269636813342658,0.008943315784719519,2.9422372899892038
行为→结果,行为=就近出口 且 速率=慢,结果=自救,0.05048442546098552,0.9450078003120125,1.1267644492578202,0.0056796523833127915,2.9332972775680672
行为→结果,熟悉=高 且 行为=就近出口 且 速率=慢,结果=自救,0.05048442546098552,0.9450078003120125,1.1267644492578202,0.0056796523833127915,2.9332972775680672
行为→结果,熟悉=高 且 行为=跟随引导 且 速率=快,结果=自救,0.04104594228565476,0.9448441247002399,1.1265692933442977,0.004611483679200924,2.9245926885499904
行为→结果,峰值=中 且 行为=跟随引导,结果=自救,0.09917699760391707,0.9446318714030562,1.12631621662956,0.01112268733153296,2.913381284863528
行为→结果,行为=跟随引导 且 行动=正常 且 速率=快,结果=自救,0.07690384415043233,0.9435071574642127,1.1249751825328518,0.008543363542064267,2.8553788832641387
行为→结果,水深=中 且 行为=就近出口 且 进水=隧道,结果=自救,0.0481300135430774,0.9428571428571428,1.1242001483474169,0.005317340360433805,2.8228982185644322
行为→结果,行为=跟随引导 且 速率=快,结果=自救,0.09646838212313782,0.9427815108939116,1.124109969824691,0.010650815592540802,2.819166883857636
行为→结果,峰值=中 且 行为=从众 且 速率=慢,结果=自救,0.03977497656005834,0.9427160493827159,1.1240319178725424,0.004388991582567198,2.8159452672871743
行为→结果,峰值=中 且 熟悉=高 且 行为=跟随引导,结果=自救,0.039212417960204186,0.9419419419419418,1.1231089236455294,0.004298246115746265,2.7783993303900116
行为→结果,熟悉=高 且 行为=从众,结果=自救,0.05594332742994062,0.9417748158540863,1.1229096536138143,0.0061233554937296444,2.770424379045507
行为→结果,熟悉=低 且 行为=跟随引导 且 速率=快,结果=自救,0.05542243983748307,0.9412597310686482,1.1222955007736013,0.006039331913339885,2.746130934823781
行为→结果,播报=无 且 熟悉=高 且 行为=从众,结果=自救,0.03248255026565267,0.9408569704284853,1.1218152757736106,0.003527203545799433,2.727429940618816
行为→结果,熟悉=高 且 行为=从众 且 行动=正常,结果=自救,0.045608917595582874,0.9406961753330468,1.1216235543961837,0.004945615352312811,2.720034846625025
行为→结果,峰值=中 且 播报=早 且 行为=跟随引导,结果=自救,0.08794666111053234,0.938,1.1184088142498694,0.009311138938329827,2.601749510197632
行为→结果,播报=早 且 行为=跟随引导 且 速率=快,结果=自救,0.08788415459943744,0.937541675927984,1.117862339109224,0.009266106987717626,2.5826576685961125
行为→结果,峰值=高 且 行为=就近出口,结果=自救,0.0480883425356808,0.9366883116883116,1.116844844346521,0.005031025506279235,2.5478465972684066
行为→结果,峰值=高 且 熟悉=高 且 行为=就近出口,结果=自救,0.0480883425356808,0.9366883116883116,1.116844844346521,0.005031025506279235,2.5478465972684066
行为→结果,峰值=高 且 行为=就近出口 且 行动=正常,结果=自救,0.03858735284925513,0.9339384770549672,1.1135661244193762,0.003935299412037886,2.44179156702869
行为→结果,行为=从众 且 进水=隧道 且 速率=中,结果=自救,0.044858839462444004,0.9324382849718493,1.1117773951562344,0.004510079307862756,2.387572156287648
行为→结果,水深=中 且 行为=就近出口 且 速率=中,结果=自救,0.05104698406083967,0.9287338893100834,1.1073605201460126,0.004949093507446281,2.2634667174993837
行为→结果,峰值=低 且 行为=就近出口 且 行动=正常,结果=自救,0.03210751119908324,0.9277543648404576,1.1061926003159457,0.0030822662372991527,2.232778067159774
行为→结果,峰值=低 且 行为=就近出口,结果=自救,0.03977497656005834,0.9275996112730805,1.1060080824547611,0.003812331086637713,2.2280055738468243
行为→结果,峰值=低 且 熟悉=高 且 行为=就近出口,结果=自救,0.03977497656005834,0.9275996112730805,1.1060080824547611,0.003812331086637713,2.2280055738468243
行为→结果,峰值=低 且 熟悉=低 且 行为=从众,结果=自救,0.07475778726950724,0.9266528925619835,1.1048792780292747,0.00709628908044764,2.19924786766227
行为→结果,水深=中 且 行为=跟随引导,结果=自救,0.03796228773830607,0.9258130081300813,1.1038778556928242,0.0035723527083295,2.1743497824402356
行为→结果,水深=中 且 行为=跟随引导 且 行动=正常,结果=自救,0.030565683925408895,0.9255520504731861,1.1035667071388608,0.0028685055603108953,2.1667281726027245
行为→结果,峰值=低 且 行为=从众,结果=自救,0.09503073236795499,0.9253398255224182,1.103313664222504,0.008898623748669163,2.160569148960259
行为→结果,水深=中 且 行为=从众,结果=自救,0.283779560370872,0.9240162822252376,1.1017355592229219,0.026204538855701953,2.122934680695909
行为→结果,水深=中 且 行为=从众 且 行动=正常,结果=自救,0.22966975726638192,0.9238183037210862,1.1014995028219892,0.02116330158666624,2.117417667383991
行为→结果,峰值=低 且 行为=从众 且 行动=正常,结果=自救,0.07688300864673403,0.9229614807403701,1.1004778840865044,0.0070197158368527635,2.093867732434247
